last_name, first_name,year,p_formatted_ip,p_k_percent,p_bb_percent,isolated_power,p_starting_p,woba,xwoba,xiso,wobadif,exit_velocity_avg,barrel_batted_rate,whiff_percent,f_strike_percent,groundballs_percent,flyballs_percent,linedrives_percent,popups_percent,pitch_hand,n,
Yardley, Eric,2020,20.0,18.8,9.4,.147,0,.313,.328,.156,-0.015,89.6,5.0,18.6,55.3,65.0,6.7,23.3,5.0,R,357,
Woodruff, Brandon,2020,65.2,30.5,6.4,.152,12,.277,.286,.152,-0.009,87.3,7.3,28.8,66.9,50.0,19.5,19.5,11.0,R,1103,
Wilson, Bryse,2020,7.2,15.8,15.8,.290,0,.440,.467,.349,-0.027,93.7,16.0,19.0,68.4,40.0,12.0,32.0,16.0,R,170,
Williams, Taylor,2020,14.2,29.9,10.4,.105,0,.312,.317,.185,-0.005,89.3,8.1,31.9,56.7,40.5,32.4,21.6,5.4,R,272,
Wendelken, J.B.,2020,23.0,29.6,9.2,.103,0,.240,.280,.156,-0.040,86.5,5.1,27.5,62.2,42.4,25.4,20.3,11.9,R,394,
Webb, Logan,2020,48.2,20.5,9.6,.138,11,.344,.372,.162,-0.028,88.5,5.6,23.9,62.1,50.0,16.0,29.9,4.2,R,904,
Watson, Tony,2020,15.0,22.8,3.5,.074,0,.184,.248,.111,-0.064,83.1,4.9,29.8,64.9,56.1,19.5,17.1,7.3,L,220,
Vincent, Nick,2020,20.2,20.5,5.1,.151,0,.273,.338,.215,-0.065,89,10.5,22.0,64.1,38.6,33.3,26.3,1.8,R,276,
Tomlin, Josh,2020,35.1,21.2,4.8,.147,5,.298,.344,.230,-0.046,88.6,12.1,21.2,67.1,37.4,22.4,29.0,11.2,R,522,
Stripling, Ross,2020,44.2,18.2,8.9,.274,9,.378,.411,.281,-0.033,91.8,10.2,18.4,62.6,40.8,20.4,32.7,6.1,R,751,
Stephenson, Robert,2020,9.0,30.0,7.5,.649,0,.505,.413,.408,.092,91.4,24.0,36.3,57.5,24.0,32.0,28.0,16.0,R,164,
Speier, Gabe,2020,5.2,20.0,13.3,.192,0,.412,.401,.128,.011,89.1,5.0,30.4,50.0,45.0,15.0,35.0,5.0,L,122,
Smith, Josh A.,2020,25.1,15.0,9.7,.165,1,.335,.336,.147,-0.001,87.7,2.4,22.6,62.8,46.4,20.2,29.8,3.6,R,394,
Shreve, Chasen,2020,23.0,32.6,10.9,.158,0,.267,.305,.155,-0.038,91.3,5.8,37.2,62.0,42.3,17.3,32.7,7.7,L,375,
Scrubb, Andre,2020,21.1,24.4,21.1,.014,0,.254,.311,.107,-0.057,88,2.0,24.6,44.4,44.9,18.4,32.7,4.1,R,359,
Pomeranz, Drew,2020,17.0,37.5,12.5,.000,0,.181,.204,.044,-0.023,86.6,0.0,33.1,56.3,46.9,31.3,3.1,18.8,L,283,
Perez, Cionel,2020,6.1,25.0,18.8,.000,0,.308,.325,.062,-0.017,90,0.0,31.5,50.0,66.7,5.6,22.2,5.6,L,128,
Pearson, Nate,2020,16.1,18.9,16.2,.262,4,.342,.341,.205,.001,88.6,8.3,26.4,51.4,35.4,29.2,25.0,10.4,R,300,
Nola, Aaron,2020,61.2,34.7,7.4,.163,10,.259,.289,.150,-0.030,88.9,5.8,31.5,64.5,50.0,13.8,29.0,7.2,R,961,
Minor, Mike,2020,51.2,25.0,9.1,.197,10,.311,.341,.228,-0.030,87.5,11.1,27.7,59.1,36.8,25.7,28.5,9.0,L,899,
Mills, Alec,2020,58.2,18.8,7.7,.193,10,.289,.348,.198,-0.059,86.7,7.6,18.2,62.0,47.6,18.2,27.1,7.1,R,873,
Mejia, Humberto,2020,10.0,22.4,12.2,.309,3,.424,.470,.458,-0.046,93,22.6,22.0,65.3,29.0,32.3,38.7,0.0,R,205,
McGee, Jake,2020,17.1,39.7,4.4,.125,0,.228,.247,.162,-0.019,91,7.9,34.8,61.8,42.1,21.1,28.9,7.9,L,286,
May, Trevor,2020,20.2,40.0,4.7,.188,0,.300,.299,.219,.001,91.4,12.8,42.9,71.8,25.5,21.3,40.4,12.8,R,355,
May, Dustin,2020,47.0,18.0,5.8,.160,9,.282,.344,.193,-0.062,88.1,7.7,18.6,66.1,55.2,16.8,23.8,4.2,R,733,
Manaea, Sean,2020,48.0,20.8,3.6,.144,10,.302,.313,.148,-0.011,90.2,6.1,22.4,65.5,52.7,13.5,27.0,6.8,L,721,
Lopez, Reynaldo,2020,20.0,20.0,11.1,.295,6,.383,.364,.256,.019,90.2,9.8,22.2,53.3,36.1,31.1,21.3,11.5,R,369,
Lopez, Pablo,2020,52.1,24.1,7.3,.125,10,.281,.295,.136,-0.014,85.6,4.7,27.1,58.6,54.7,14.0,26.0,5.3,R,819,
Lopez, Jorge,2020,37.0,17.1,7.0,.162,5,.312,.376,.230,-0.064,92.3,9.3,20.3,56.3,50.8,14.4,27.1,7.6,R,581,
Lockett, Walker,2020,14.1,15.4,6.2,.170,1,.360,.366,.169,-0.006,85.7,4.1,20.6,63.1,44.9,12.2,32.7,10.2,R,211,
Loaisiga, Jonathan,2020,21.0,22.8,7.6,.190,3,.344,.361,.184,-0.017,85.4,6.8,23.1,65.2,50.8,27.1,22.0,0.0,R,365,
Littell, Zack,2020,6.1,9.7,9.7,.556,0,.599,.545,.462,.054,87.8,20.8,13.3,51.6,33.3,29.2,37.5,0.0,R,117,
Leyer, Robinson,2020,4.2,26.5,23.5,.423,1,.584,.444,.311,.140,88.8,17.6,36.9,64.7,35.3,23.5,35.3,5.9,R,162,
Lamet, Dinelson,2020,65.1,35.2,7.5,.100,11,.226,.281,.159,-0.055,89.5,7.8,33.0,64.8,36.9,22.7,28.4,12.1,R,990,
Kittredge, Andrew,2020,8.0,9.7,6.5,.069,1,.291,.402,.142,-0.111,92.2,3.8,15.0,71.0,57.7,3.8,34.6,3.8,R,115,
King, John,2020,8.2,13.6,9.1,.132,0,.353,.309,.106,.044,88.2,0.0,15.7,59.1,53.1,25.0,18.8,3.1,L,165,
Kikuchi, Yusei,2020,41.0,24.6,9.9,.125,8,.296,.297,.105,-0.001,89.4,3.6,30.5,50.3,52.7,17.0,28.6,1.8,L,696,
Howard, Sam,2020,19.2,30.1,9.6,.197,0,.309,.308,.163,.001,87.4,4.3,35.3,53.0,31.9,23.4,29.8,14.9,L,334,
Hendriks, Liam,2020,22.0,40.0,3.8,.066,0,.172,.237,.119,-0.065,90.3,4.4,36.6,67.5,33.3,22.2,33.3,11.1,R,315,
Heller, Ben,2020,6.0,22.2,7.4,.305,0,.358,.367,.241,-0.009,88.8,5.9,26.5,59.3,29.4,23.5,35.3,11.8,R,111,
Hart, Kyle,2020,11.0,19.4,14.9,.285,3,.499,.486,.388,.013,90.6,13.6,26.2,56.7,36.4,27.3,31.8,4.5,L,260,
Guerra, Javy,2020,15.2,18.6,10.0,.142,0,.351,.344,.184,.007,91.8,8.0,25.0,58.6,28.0,32.0,32.0,8.0,R,286,
Glasnow, Tyler,2020,51.1,38.4,9.7,.191,10,.289,.276,.164,.013,89.9,8.0,33.0,58.8,41.1,24.1,27.7,7.1,R,888,
Gibson, Kyle,2020,61.1,19.5,10.5,.202,11,.359,.384,.190,-0.025,88.3,8.0,23.5,63.9,51.6,14.9,30.3,3.2,R,1058,
Garrett, Braxton,2020,7.2,23.5,14.7,.345,2,.411,.419,.308,-0.008,88.8,14.3,23.1,47.1,61.9,19.0,19.0,0.0,L,137,
Garcia, Bryan,2020,20.0,11.8,10.6,.027,0,.243,.333,.110,-0.090,87.6,4.6,20.1,64.7,44.6,20.0,24.6,10.8,R,307,
Floro, Dylan,2020,22.0,17.6,4.4,.105,0,.280,.302,.104,-0.022,84.3,2.8,23.1,54.9,56.3,14.1,25.4,4.2,R,341,
Fleming, Josh,2020,26.1,18.7,5.6,.200,4,.306,.315,.158,-0.009,86.9,5.0,21.3,62.6,62.5,10.0,22.5,5.0,L,380,
Fedde, Erick,2020,43.1,11.8,10.8,.189,7,.331,.373,.189,-0.042,90.4,7.4,15.6,62.6,56.1,14.9,27.0,2.0,R,747,
Farrell, Luke,2020,5.1,29.6,18.5,.250,0,.396,.387,.247,.009,92.3,23.1,29.8,66.7,38.5,15.4,30.8,15.4,R,119,
Dugger, Robert,2020,10.2,7.1,5.4,.491,1,.526,.492,.446,.034,93.1,18.4,11.3,58.9,30.6,28.6,32.7,8.2,R,212,
Diaz, Edwin,2020,23.0,47.5,14.1,.096,0,.268,.231,.079,.037,85.7,5.6,49.8,60.2,44.4,19.4,27.8,8.3,R,442,
Crismatt, Nabil,2020,8.1,25.8,3.2,.267,0,.268,.299,.215,-0.031,91.3,4.5,27.4,74.2,50.0,22.7,27.3,0.0,R,114,
Coonrod, Sam,2020,12.2,20.3,10.2,.184,0,.330,.327,.143,.003,89,5.3,27.6,64.4,47.4,23.7,23.7,5.3,R,243,
Cole, Gerrit,2020,66.0,33.0,6.4,.216,11,.279,.285,.208,-0.006,91,8.9,35.3,62.9,35.4,29.1,27.8,7.6,R,981,
Cobb, Alex,2020,45.1,17.0,8.0,.186,9,.319,.396,.228,-0.077,91,10.1,24.1,62.5,53.0,11.4,32.9,2.7,R,658,
Clippard, Tyler,2020,22.2,25.6,4.7,.110,2,.241,.286,.187,-0.045,86.4,8.3,27.9,65.1,31.7,28.3,28.3,11.7,R,363,
Clevinger, Mike,2020,40.2,23.9,8.8,.188,7,.309,.344,.188,-0.035,88.1,7.5,29.9,57.9,34.0,24.5,32.1,9.4,R,637,
Clarke, Taylor,2020,38.1,21.9,11.3,.205,4,.295,.344,.229,-0.049,89.6,10.3,20.3,62.5,46.7,21.5,23.4,8.4,R,616,
Chirinos, Yonny,2020,11.1,19.2,7.7,.174,3,.369,.400,.203,-0.031,87.3,5.6,30.1,50.0,33.3,13.9,38.9,13.9,R,190,
Chafin, Andrew,2020,7.2,26.3,13.2,.182,0,.367,.372,.169,-0.005,87.9,4.3,25.4,50.0,39.1,17.4,39.1,4.3,L,151,
Castillo, Diego,2020,20.2,26.2,13.1,.166,0,.263,.283,.120,-0.020,84.2,6.0,38.0,58.3,56.0,18.0,20.0,6.0,R,305,
Cahill, Trevor,2020,23.0,28.9,12.4,.159,6,.282,.324,.177,-0.042,87.5,10.7,27.2,64.6,35.7,14.3,35.7,14.3,R,410,
Burdi, Zack,2020,7.1,29.7,8.1,.382,0,.440,.420,.347,.020,94.1,21.7,40.5,64.9,39.1,21.7,34.8,4.3,R,168,
Brice, Austin,2020,18.2,27.7,14.5,.232,1,.363,.341,.173,.022,90.2,6.5,34.4,65.1,41.3,26.1,23.9,8.7,R,340,
Bleier, Richard,2020,15.1,15.9,6.3,.087,0,.269,.322,.118,-0.053,85.4,2.1,17.5,69.8,70.8,2.1,25.0,2.1,L,202,
Benjamin, Wes,2020,16.1,24.3,8.6,.141,0,.291,.274,.149,.017,89.8,6.4,29.4,62.9,36.2,31.9,25.5,6.4,L,295,
Bass, Anthony,2020,23.2,21.1,6.7,.120,0,.232,.244,.117,-0.012,89,3.1,27.7,61.1,63.1,18.5,12.3,6.2,R,348,
Barnes, Matt,2020,21.2,31.3,12.5,.163,0,.312,.355,.222,-0.043,91.5,11.5,29.1,60.4,50.0,17.3,30.8,1.9,R,424,
Anderson, Ian,2020,26.2,31.5,12.6,.064,5,.229,.253,.062,-0.024,86.7,1.7,32.2,62.2,60.0,18.3,16.7,5.0,R,467,
Allen, Logan,2020,7.2,8.3,16.7,.138,0,.392,.410,.201,-0.018,90.3,7.7,25.9,52.8,57.7,19.2,23.1,0.0,L,134,
Yamaguchi, Shun,2020,23.0,25.0,15.4,.202,0,.344,.313,.164,.031,88.4,5.0,31.0,46.2,40.0,31.7,23.3,5.0,R,441,
Woodford, Jake,2020,19.0,14.3,5.2,.305,1,.352,.394,.292,-0.042,90.1,14.5,19.9,64.9,46.8,24.2,24.2,4.8,R,321,
Winkler, Dan,2020,16.2,24.6,14.5,.158,0,.287,.340,.196,-0.053,84.2,9.8,26.5,60.9,46.3,14.6,26.8,12.2,R,270,
Weems, Jordan,2020,12.0,36.2,10.6,.024,0,.210,.267,.107,-0.057,89.8,8.0,33.3,66.0,40.0,28.0,24.0,8.0,R,183,
Webb, Tyler,2020,19.2,20.0,8.8,.113,0,.262,.314,.182,-0.052,85,3.5,23.2,53.8,38.6,22.8,28.1,10.5,L,323,
Wisler, Matt,2020,24.1,34.0,14.0,.107,4,.238,.257,.134,-0.019,86.4,4.0,39.0,61.0,22.0,34.0,22.0,22.0,R,420,
Vesia, Alex,2020,4.1,18.5,25.9,.450,0,.523,.404,.353,.119,91.6,13.3,28.3,51.9,20.0,40.0,33.3,6.7,L,133,
Velasquez, Vince,2020,29.2,30.3,11.4,.191,6,.343,.330,.192,.013,87,9.3,26.5,56.1,38.7,20.0,29.3,12.0,R,558,
Trivino, Lou,2020,21.2,27.6,11.5,.104,0,.262,.300,.171,-0.038,87.9,9.4,28.0,56.3,39.6,22.6,28.3,9.4,R,345,
Mella, Keury,2020,8.0,26.5,5.9,.129,0,.275,.341,.226,-0.066,92,17.4,26.6,70.6,43.5,21.7,30.4,4.3,R,125,
Thorpe, Lewis,2020,16.1,13.0,13.0,.239,1,.434,.417,.279,.017,86.3,12.3,20.7,64.9,36.8,17.5,35.1,10.5,L,272,
Thornton, Trent,2020,5.2,18.2,9.1,.104,3,.490,.424,.223,.066,89.1,8.3,19.1,54.5,29.2,29.2,37.5,4.2,R,131,
Thielbar, Caleb,2020,16.0,29.4,13.2,.017,0,.250,.285,.114,-0.035,83.8,5.1,30.3,60.3,33.3,15.4,33.3,17.9,L,320,
Tepera, Ryan,2020,19.2,35.7,13.1,.113,0,.298,.301,.106,-0.003,90.1,4.8,43.9,57.1,40.5,19.0,38.1,2.4,R,346,
Teheran, Julio,2020,30.1,12.1,10.0,.353,8,.413,.440,.342,-0.027,88.7,13.0,12.9,53.6,37.0,27.8,30.6,4.6,R,520,
Suero, Wander,2020,22.0,25.6,6.7,.087,0,.254,.295,.172,-0.041,88.5,8.5,30.2,61.1,39.0,25.4,27.1,8.5,R,330,
Smeltzer, Devin,2020,16.0,20.8,6.9,.185,1,.351,.332,.180,.019,88.7,3.9,25.0,50.0,37.3,15.7,33.3,13.7,L,268,
Slegers, Aaron,2020,23.0,20.0,5.6,.049,1,.197,.275,.110,-0.078,85.7,3.1,22.4,61.1,58.5,12.3,21.5,7.7,R,339,
Sewald, Paul,2020,6.0,5.7,11.4,.172,0,.448,.425,.179,.023,85.4,3.6,16.4,51.4,35.7,28.6,28.6,7.1,R,129,
Schreiber, John,2020,15.2,20.0,5.7,.187,0,.341,.356,.187,-0.015,90.9,7.8,18.2,61.4,35.3,23.5,35.3,5.9,R,281,
Ryan, Kyle,2020,13.1,17.5,10.5,.294,0,.364,.317,.153,.047,90,7.3,16.3,57.9,48.8,26.8,19.5,4.9,L,238,
Rodriguez, Richard,2020,21.1,34.9,5.8,.130,0,.232,.312,.184,-0.080,92.3,8.3,35.0,62.8,37.5,18.8,33.3,10.4,R,355,
Ray, Robbie,2020,47.2,27.2,17.7,.282,10,.392,.393,.272,-0.001,91.8,14.2,32.1,51.7,22.8,28.3,37.0,11.8,L,974,
Phillips, Evan,2020,14.1,30.8,12.3,.000,0,.279,.293,.069,-0.014,84.2,2.9,27.4,61.5,50.0,17.6,23.5,8.8,R,267,
Pena, Felix,2020,24.1,27.7,5.0,.105,0,.283,.284,.119,-0.001,88.7,4.5,27.8,43.6,52.2,19.4,25.4,3.0,R,400,
Nova, Ivan,2020,19.0,10.2,10.2,.203,4,.352,.435,.311,-0.083,90.2,10.0,19.7,60.2,57.1,20.0,21.4,1.4,R,284,
Newberry, Jake,2020,17.2,21.3,13.8,.185,0,.362,.374,.208,-0.012,89.6,6.0,35.0,50.0,34.0,22.0,38.0,6.0,R,330,
Musgrove, Joe,2020,32.2,31.7,10.6,.203,7,.329,.311,.142,.018,85.6,6.3,31.9,69.7,45.0,15.0,32.5,7.5,R,565,
McCullers Jr., Lance,2020,51.0,22.2,8.5,.197,10,.310,.348,.183,-0.038,89.2,9.9,28.2,58.0,60.6,10.6,24.6,4.2,R,823,
Maton, Phil,2020,18.1,31.0,7.1,.094,0,.326,.262,.067,.064,81.8,2.1,39.2,61.9,43.8,16.7,29.2,10.4,R,325,
Martinez, Carlos,2020,15.0,17.7,10.1,.250,4,.397,.356,.174,.041,87.9,3.6,22.6,62.0,46.4,16.1,30.4,7.1,R,320,
Martin, Chris,2020,17.0,31.7,3.3,.070,0,.146,.299,.223,-0.153,88.5,10.5,26.3,68.3,39.5,34.2,21.1,5.3,R,264,
Margevicius, Nick,2020,35.1,21.8,7.5,.214,6,.323,.334,.217,-0.011,89.3,9.6,20.0,61.2,38.5,19.2,30.8,11.5,L,585,
Lugo, Seth,2020,29.0,31.5,5.6,.243,5,.339,.348,.220,-0.009,90.9,10.4,32.0,58.1,53.2,15.6,31.2,0.0,R,477,
Kelly, Merrill,2020,31.1,23.2,4.0,.177,5,.270,.323,.217,-0.053,88.5,11.1,23.5,59.2,45.6,11.1,32.2,11.1,R,473,
Jansen, Kenley,2020,21.1,31.5,9.8,.112,0,.286,.280,.109,.006,83.2,3.9,31.6,66.3,23.5,29.4,31.4,15.7,R,396,
Hudson, Dakota,2020,39.0,20.5,9.9,.141,8,.253,.317,.160,-0.064,89.1,4.8,21.9,62.3,57.7,17.3,17.3,7.7,R,589,
Holder, Jonathan,2020,19.2,15.2,12.0,.150,0,.333,.321,.169,.012,87,6.0,25.4,55.4,46.3,19.4,26.9,7.5,R,358,
Hernandez, Darwinzon,2020,5.1,32.0,20.0,.000,0,.277,.273,.021,.004,81.9,0.0,26.8,72.0,66.7,0.0,25.0,8.3,L,119,
Helsley, Ryan,2020,9.1,12.2,17.1,.324,0,.375,.391,.272,-0.016,91.6,6.9,25.0,65.9,27.6,41.4,20.7,10.3,R,143,
Harvey, Matt,2020,11.2,15.4,7.7,.367,4,.535,.480,.346,.055,93.5,12.0,17.3,66.2,42.0,12.0,42.0,4.0,R,247,
Hartlieb, Geoff,2020,20.1,18.3,20.4,.086,0,.318,.349,.102,-0.031,89.1,3.7,25.8,50.5,61.1,14.8,20.4,3.7,R,386,
Hader, Josh,2020,16.0,38.2,14.7,.182,0,.275,.300,.173,-0.025,84.1,13.8,39.4,52.9,24.1,24.1,27.6,24.1,L,316,
Guerra, Junior,2020,23.2,20.4,14.6,.096,0,.283,.336,.131,-0.053,86.4,4.6,26.9,59.2,50.8,13.8,29.2,6.2,R,404,
Guerra, Javy,2020,13.1,17.9,7.5,.100,0,.418,.387,.133,.031,90.9,4.1,21.2,64.2,51.0,10.2,34.7,4.1,R,235,
Guerra, Deolis,2020,7.1,22.2,5.6,.312,0,.419,.342,.226,.077,85.9,16.7,33.8,55.6,54.2,16.7,20.8,8.3,R,130,
Gsellman, Robert,2020,14.0,12.7,11.3,.311,4,.451,.443,.315,.008,88.8,11.3,16.7,52.1,41.5,17.0,35.8,5.7,R,278,
Grotz, Zac,2020,7.1,8.7,23.9,.466,0,.544,.518,.360,.026,87.9,11.1,19.7,47.8,40.7,11.1,33.3,14.8,R,202,
Gray, Jon,2020,39.0,12.6,6.3,.200,8,.341,.386,.223,-0.045,90.3,7.9,22.1,60.9,36.7,19.4,34.5,9.4,R,658,
Graterol, Brusdar,2020,20.1,15.4,3.8,.028,2,.253,.293,.084,-0.040,89.1,1.7,16.8,64.1,63.3,13.3,21.7,1.7,R,248,
Godley, Zack,2020,28.2,19.6,9.8,.288,7,.427,.398,.257,.029,88.9,10.2,25.6,58.7,40.8,19.4,31.6,8.2,R,553,
Garcia, Rico,2020,10.0,15.9,9.1,.154,0,.368,.392,.206,-0.024,92,9.1,22.4,54.5,45.5,21.2,27.3,6.1,R,177,
Garcia, Luis,2020,8.1,24.4,20.0,.139,2,.363,.415,.213,-0.052,92.6,12.0,30.6,62.2,48.0,4.0,40.0,8.0,R,183,
Gallen, Zac,2020,66.0,27.0,8.6,.137,11,.273,.305,.168,-0.032,87,7.6,29.7,65.5,47.1,17.1,27.6,8.2,R,1027,
Farmer, Buck,2020,18.0,13.2,5.3,.127,0,.273,.377,.211,-0.104,90.6,9.7,17.3,55.3,50.0,16.1,29.0,4.8,R,286,
Eshelman, Thomas,2020,28.1,12.8,7.7,.248,4,.324,.385,.273,-0.061,89.5,9.8,17.2,55.6,32.6,21.7,37.0,8.7,R,395,
Erlin, Robbie,2020,26.2,20.5,5.7,.348,5,.396,.364,.296,.032,89.8,13.6,19.3,57.4,29.5,25.0,35.2,10.2,L,461,
Eovaldi, Nathan,2020,42.1,25.0,3.4,.230,8,.335,.334,.205,.001,90.2,9.0,27.3,65.9,50.0,16.4,29.5,4.1,R,656,
Elledge, Seth,2020,10.2,27.3,15.9,.200,0,.328,.342,.203,-0.014,91.1,8.7,28.4,50.0,47.8,17.4,21.7,13.0,R,202,
Duffy, Danny,2020,50.1,24.1,9.7,.202,10,.319,.338,.214,-0.019,88.8,8.5,25.4,56.5,31.2,25.5,28.4,14.9,L,850,
Del Pozo, Miguel,2020,3.2,8.0,32.0,.117,0,.484,.617,.412,-0.133,97.9,26.7,26.2,48.0,46.7,0.0,53.3,0.0,L,110,
De Leon, Jose,2020,6.0,28.6,31.4,.125,0,.379,.401,.162,-0.022,86,7.1,37.7,65.7,42.9,21.4,28.6,7.1,R,140,
Curtiss, John,2020,21.0,25.0,3.8,.119,2,.227,.293,.190,-0.066,92.2,7.1,24.0,70.0,41.1,23.2,30.4,5.4,R,314,
Cueto, Johnny,2020,57.0,20.6,9.9,.179,11,.326,.343,.168,-0.017,87.6,5.8,21.2,54.4,42.4,23.3,29.7,4.7,R,1037,
Crowe, Wil,2020,8.1,17.4,17.4,.460,3,.532,.520,.468,.012,90.1,20.7,19.4,43.5,27.6,31.0,31.0,10.3,R,194,
Cisnero, Jose,2020,26.2,27.0,8.1,.090,0,.269,.337,.179,-0.068,89.6,8.6,33.5,55.9,37.1,21.4,35.7,5.7,R,464,
Claudio, Alex,2020,17.1,17.6,6.8,.103,0,.289,.281,.109,.008,81.5,3.6,25.6,70.3,47.3,18.2,27.3,7.3,L,301,
Cessa, Luis,2020,20.1,19.3,7.2,.182,0,.276,.308,.179,-0.032,88.7,4.9,27.6,68.7,39.3,14.8,34.4,11.5,R,321,
Burnes, Corbin,2020,56.0,37.6,10.0,.066,8,.221,.281,.140,-0.060,86.8,7.1,35.4,52.0,46.9,16.8,27.4,8.8,R,929,
Biagini, Joe,2020,4.1,14.8,14.8,.304,0,.515,.415,.182,.100,93.4,5.3,28.3,29.6,47.4,10.5,42.1,0.0,R,118,
Baez, Pedro,2020,14.0,15.3,8.5,.148,0,.254,.316,.139,-0.062,86.7,4.4,24.4,44.1,37.8,28.9,22.2,11.1,R,256,
Anderson, Shaun,2020,13.2,25.4,18.6,.229,0,.312,.328,.194,-0.016,88.6,12.1,32.7,59.3,36.4,9.1,36.4,18.2,R,248,
Anderson, Nick,2020,15.0,47.2,3.8,.098,0,.141,.199,.176,-0.058,90,7.7,37.9,71.7,19.2,46.2,19.2,15.4,R,218,
Ynoa, Huascar,2020,21.2,17.0,13.0,.145,5,.343,.375,.170,-0.032,87.8,5.9,25.5,61.0,55.9,10.3,32.4,1.5,R,395,
Yarbrough, Ryan,2020,52.1,18.0,5.4,.121,9,.299,.332,.168,-0.033,82.7,6.1,26.9,67.6,43.6,17.8,33.7,4.9,L,799,
Yamamoto, Jordan,2020,11.1,19.4,10.4,.525,3,.586,.516,.497,.070,93,21.3,19.8,56.7,31.9,34.0,34.0,0.0,R,270,
Wright, Kyle,2020,31.1,18.2,14.7,.197,7,.359,.407,.249,-0.048,86.7,8.3,23.8,63.6,45.8,16.7,31.3,6.3,R,562,
Wheeler, Zack,2020,64.0,17.5,4.7,.101,10,.284,.307,.114,-0.023,85.9,3.1,22.3,58.4,55.7,11.9,26.8,5.7,R,960,
Walker, Taijuan,2020,50.1,21.3,8.8,.161,10,.298,.352,.214,-0.054,88.4,7.5,20.4,56.5,38.1,19.7,34.0,8.2,R,840,
Turley, Nik,2020,18.2,24.1,13.9,.110,0,.250,.296,.122,-0.046,88.7,4.3,26.8,57.0,38.3,29.8,25.5,6.4,L,328,
Tropeano, Nick,2020,14.2,30.6,6.5,.143,0,.288,.330,.207,-0.042,93.2,8.1,36.0,56.5,27.0,24.3,40.5,8.1,R,225,
Tinoco, Jesus,2020,7.1,16.0,20.0,.000,0,.208,.336,.033,-0.128,85.1,0.0,24.0,40.0,75.0,12.5,6.3,6.3,R,117,
Taylor, Josh,2020,7.1,19.4,13.9,.267,0,.364,.393,.270,-0.029,88.4,8.7,28.4,58.3,43.5,21.7,30.4,4.3,L,146,
Sulser, Cole,2020,21.0,19.4,17.2,.147,0,.312,.324,.161,-0.012,86.6,5.1,30.1,52.7,40.7,20.3,25.4,13.6,R,384,
Stiever, Jonathan,2020,6.1,10.3,13.8,.480,2,.453,.602,.578,-0.149,91.4,22.7,14.5,58.6,40.9,22.7,22.7,13.6,R,137,
Smith, Drew,2020,7.0,24.1,6.9,.259,0,.300,.346,.333,-0.046,88,10.0,39.3,48.3,35.0,25.0,30.0,10.0,R,109,
Sims, Lucas,2020,23.1,31.6,11.6,.159,0,.258,.248,.099,.010,87.6,1.9,33.5,53.1,38.5,26.9,21.2,13.5,R,433,
Scherzer, Max,2020,61.1,31.6,7.8,.151,11,.311,.311,.171,.000,87.7,7.4,33.8,65.8,34.0,21.6,35.2,9.3,R,1104,
Rosenthal, Trevor,2020,21.2,38.8,9.4,.160,0,.245,.244,.158,.001,90.9,7.0,35.6,58.8,41.9,34.9,20.9,2.3,R,355,
Romo, Sergio,2020,18.2,28.6,6.5,.133,0,.250,.282,.148,-0.032,86.4,4.3,29.3,72.7,29.8,17.0,31.9,21.3,R,333,
Reyes, Alex,2020,17.0,31.9,16.7,.085,1,.258,.288,.133,-0.030,86.8,8.1,31.8,45.8,32.4,18.9,29.7,18.9,R,308,
Reid-Foley, Sean,2020,6.2,20.0,20.0,.000,0,.209,.270,.033,-0.061,88,0.0,30.0,50.0,61.1,16.7,5.6,16.7,R,133,
Ramirez, Noe,2020,19.0,17.9,11.5,.134,0,.264,.315,.179,-0.051,86.9,5.6,26.1,62.8,38.9,25.9,24.1,11.1,R,309,
Ponce de Leon, Daniel,2020,26.2,32.0,14.8,.255,7,.346,.345,.193,.001,88.1,7.9,30.6,56.6,34.9,31.7,25.4,7.9,R,547,
Plesac, Zach,2020,48.2,27.6,2.2,.142,7,.232,.290,.184,-0.058,87.3,7.9,31.0,64.1,37.3,23.8,27.0,11.9,R,681,
Pivetta, Nick,2020,5.2,13.8,3.4,.577,0,.530,.392,.357,.138,89.1,13.0,22.9,75.9,26.1,30.4,34.8,8.7,R,102,
Pazos, James,2020,5.1,3.4,17.2,.522,0,.566,.468,.309,.098,91.6,8.7,11.9,51.7,34.8,21.7,43.5,0.0,L,131,
Oviedo, Johan,2020,24.2,14.3,8.9,.179,5,.333,.412,.250,-0.079,91.8,8.6,21.5,50.0,40.7,22.2,33.3,3.7,R,444,
McFarland, T.J.,2020,18.2,11.1,4.9,.185,0,.340,.356,.164,-0.016,90.5,4.5,18.0,60.5,62.7,11.9,23.9,1.5,L,292,
Morgan, Adam,2020,11.1,30.0,8.0,.260,0,.366,.346,.253,.020,87.5,16.1,32.2,66.0,48.4,16.1,29.0,6.5,L,184,
Miller, Andrew,2020,11.2,24.5,8.2,.024,0,.249,.245,.054,.004,86.6,0.0,30.7,53.1,63.3,16.7,6.7,13.3,L,175,
Miley, Wade,2020,12.1,18.3,13.3,.160,4,.366,.374,.119,-0.008,83.1,2.6,31.4,56.7,48.7,10.3,30.8,10.3,L,259,
Middleton, Keynan,2020,12.0,20.8,11.3,.204,0,.335,.310,.129,.025,87.3,2.8,25.0,66.0,22.2,41.7,27.8,8.3,R,210,
Merryweather, Julian,2020,13.0,27.3,10.9,.062,3,.268,.276,.074,-0.008,86.6,2.9,25.9,67.3,47.1,14.7,32.4,5.9,R,233,
Matz, Steven,2020,26.2,24.0,7.2,.351,6,.431,.394,.272,.037,91,11.6,25.0,60.8,33.7,17.4,44.2,4.7,L,545,
Martin, Brett,2020,12.0,16.0,18.0,.098,0,.240,.282,.106,-0.042,87.4,6.1,19.5,62.0,48.5,27.3,12.1,12.1,L,185,
Mahle, Tyler,2020,45.1,29.6,10.1,.179,8,.281,.286,.168,-0.005,86.9,6.4,33.8,62.4,31.8,33.6,23.6,10.9,R,790,
Leone, Dominic,2020,9.2,34.0,10.6,.286,0,.423,.413,.326,.010,87,19.2,36.8,63.8,30.8,7.7,61.5,0.0,R,191,
Lail, Brady,2020,14.1,16.1,8.1,.291,0,.353,.307,.185,.046,90.1,6.7,18.8,54.8,31.1,35.6,22.2,11.1,R,260,
Hunter, Tommy,2020,21.0,23.0,5.7,.114,0,.296,.375,.178,-0.079,90.7,8.3,25.0,62.1,41.7,11.7,36.7,10.0,R,349,
Howard, Spencer,2020,24.1,20.4,8.8,.230,6,.370,.329,.187,.041,87.1,5.1,25.7,69.0,38.0,20.3,34.2,7.6,R,439,
Houser, Adrian,2020,50.2,17.5,9.0,.156,10,.346,.343,.135,.003,86.2,5.0,21.9,62.3,61.3,8.8,24.4,5.6,R,842,
Hernandez, Jonathan,2020,27.2,25.7,4.6,.092,0,.258,.251,.098,.007,87.9,2.7,34.0,57.8,47.9,28.8,16.4,6.8,R,431,
Hatch, Thomas,2020,23.2,22.4,12.2,.120,1,.277,.345,.186,-0.068,85.8,6.5,30.0,55.1,40.3,24.2,25.8,9.7,R,403,
Harris, Will,2020,15.2,26.7,12.0,.182,0,.348,.380,.230,-0.032,91.9,10.9,29.8,62.7,43.5,13.0,34.8,8.7,R,309,
Happ, J.A.,2020,44.1,22.4,7.5,.174,8,.279,.300,.146,-0.021,88.7,5.7,22.7,64.9,42.6,20.5,27.0,9.8,L,692,
Hall, Matt,2020,8.2,16.7,18.5,.233,1,.480,.486,.266,-0.006,89,8.8,15.5,44.4,38.2,14.7,47.1,0.0,L,210,
Gray, Sonny,2020,45.2,30.6,10.7,.098,9,.280,.319,.120,-0.039,86.7,3.5,29.2,54.6,48.7,14.2,32.7,4.4,R,801,
Gonzalez, Victor,2020,17.2,26.5,2.9,.033,0,.190,.228,.067,-0.038,86.6,0.0,32.0,67.6,64.4,20.0,15.6,0.0,L,241,
Gonzalez, Chi Chi,2020,14.1,18.2,12.1,.241,3,.370,.399,.195,-0.029,91.6,7.0,22.1,45.5,32.6,25.6,37.2,4.7,R,254,
Gonsolin, Tony,2020,40.2,26.3,4.6,.091,7,.211,.292,.152,-0.081,88.7,4.8,29.3,63.8,34.6,24.0,33.7,7.7,R,618,
Ginkel, Kevin,2020,16.0,22.8,16.5,.212,0,.400,.356,.210,.044,89.9,6.3,32.9,58.2,29.2,27.1,35.4,8.3,R,340,
Gibaut, Ian,2020,12.1,23.7,15.3,.188,0,.339,.381,.215,-0.042,90.3,5.7,27.2,54.2,45.7,14.3,34.3,5.7,R,241,
Garrett, Amir,2020,16.2,39.3,9.8,.219,0,.252,.289,.212,-0.037,89.2,12.9,44.1,55.7,41.9,29.0,19.4,9.7,L,265,
Garcia, Rony,2020,20.0,15.1,9.7,.309,2,.400,.418,.284,-0.018,89.8,11.4,20.5,49.5,35.7,28.6,32.9,2.9,R,382,
Garcia, Luis,2020,10.2,19.5,12.2,.171,1,.241,.328,.195,-0.087,89.5,7.1,25.3,48.8,46.4,21.4,32.1,0.0,R,178,
Gallegos, Giovanny,2020,12.0,34.0,8.5,.093,0,.237,.286,.103,-0.049,91.9,3.7,37.3,70.2,40.7,14.8,33.3,11.1,R,188,
Finnegan, Kyle,2020,22.1,25.3,13.1,.094,0,.277,.311,.155,-0.034,87.3,5.0,29.6,54.5,50.0,13.3,30.0,6.7,R,383,
Ferguson, Caleb,2020,18.2,36.0,4.0,.195,1,.280,.228,.144,.052,87.9,6.7,29.1,73.3,51.1,20.0,15.6,13.3,L,304,
Eflin, Zach,2020,48.1,29.6,6.3,.193,9,.332,.295,.159,.037,87.7,8.3,24.2,64.6,48.5,23.5,26.5,1.5,R,782,
Dunning, Dane,2020,31.0,26.0,7.9,.103,6,.244,.307,.148,-0.063,87.3,7.2,29.6,55.9,42.2,20.5,27.7,9.6,R,507,
Dunn, Justin,2020,40.2,20.5,16.5,.201,9,.302,.381,.269,-0.079,92.3,11.9,23.4,56.8,30.3,30.3,29.4,10.1,R,715,
Diekman, Jake,2020,18.1,36.1,15.3,.000,0,.186,.245,.097,-0.059,85.9,5.7,39.8,66.7,65.7,17.1,14.3,2.9,L,300,
DeSclafani, Anthony,2020,29.2,16.2,10.6,.230,7,.384,.401,.241,-0.017,89.1,11.9,24.1,58.5,41.6,15.8,36.6,5.9,R,544,
Cordero, Jimmy,2020,24.2,18.9,7.2,.131,0,.319,.353,.162,-0.034,85.3,6.3,21.6,60.4,50.0,8.8,38.8,2.5,R,384,
Cole, A.J.,2020,21.1,19.3,9.1,.179,0,.301,.257,.119,.044,87.1,3.2,25.7,47.7,36.5,28.6,20.6,14.3,R,361,
Castro, Miguel,2020,23.1,32.4,11.1,.179,0,.348,.313,.137,.035,91.5,5.0,29.7,63.9,50.0,20.0,26.7,3.3,R,439,
Castillo, Luis,2020,66.0,31.0,8.8,.121,11,.279,.280,.109,-0.001,85.9,4.9,33.8,62.0,58.5,14.0,24.4,3.0,R,1076,
Carrasco, Carlos,2020,62.0,28.8,9.3,.140,11,.291,.318,.171,-0.027,88,8.3,31.9,65.4,47.1,16.6,32.5,3.8,R,1007,
Boyd, Matthew,2020,54.1,23.3,8.2,.285,11,.379,.356,.248,.023,88.9,11.6,27.7,60.4,36.6,21.3,36.0,6.1,L,988,
Bieber, Shane,2020,72.1,40.6,6.5,.101,11,.220,.258,.148,-0.038,88.9,7.6,40.9,63.4,46.9,17.2,28.3,7.6,R,1140,
Bacus, Dakota,2020,11.1,12.3,15.8,.106,0,.354,.383,.138,-0.029,87.3,2.4,24.0,45.6,46.3,24.4,24.4,4.9,R,225,
Avilan, Luis,2020,8.1,23.1,12.8,.206,0,.353,.373,.224,-0.020,87.5,8.0,31.8,74.4,44.0,28.0,24.0,4.0,L,162,
Almonte, Yency,2020,25.1,20.4,3.9,.105,0,.276,.304,.149,-0.028,87,4.0,29.1,60.2,58.7,16.0,21.3,4.0,R,403,
Yates, Kirby,2020,4.1,32.0,16.0,.150,0,.397,.350,.161,.047,86.2,7.7,41.3,68.0,38.5,23.1,30.8,7.7,R,101,
Workman, Brandon,2020,19.1,22.2,13.1,.186,0,.405,.394,.249,.011,90,10.9,25.6,50.5,48.4,18.8,31.3,1.6,R,385,
Wilson, Justin,2020,18.0,26.3,10.0,.057,0,.290,.303,.126,-0.013,84.8,6.0,26.8,53.8,46.0,14.0,30.0,10.0,L,310,
Weber, Ryan,2020,39.2,14.1,8.2,.222,5,.344,.373,.209,-0.029,91.3,8.4,14.8,64.1,53.4,19.8,22.9,3.8,R,597,
Walden, Marcus,2020,12.2,15.4,13.8,.357,0,.457,.400,.217,.057,92.3,8.7,19.7,63.1,43.5,19.6,34.8,2.2,R,270,
Voth, Austin,2020,37.2,18.8,9.7,.304,9,.396,.380,.265,.016,89.7,9.8,23.3,55.7,29.5,27.9,34.4,8.2,R,702,
Triggs, Andrew,2020,7.1,20.0,17.1,.311,2,.384,.402,.256,-0.018,93.1,13.6,15.1,34.3,45.5,36.4,13.6,4.5,R,149,
Toussaint, Touki,2020,24.1,25.0,13.3,.275,5,.401,.388,.251,.013,89.2,13.0,31.9,57.5,40.6,14.5,36.2,8.7,R,491,
Thornburg, Tyler,2020,7.0,31.3,15.6,.037,0,.282,.323,.146,-0.041,91.1,5.9,32.2,53.1,23.5,17.6,35.3,23.5,R,147,
Thompson, Ryan,2020,25.1,18.9,7.2,.155,1,.328,.294,.120,.034,87,4.9,20.8,68.5,59.8,9.8,24.4,6.1,R,405,
Tarpley, Stephen,2020,9.2,23.3,11.6,.147,0,.328,.290,.090,.038,87.4,3.8,26.2,67.4,53.8,26.9,15.4,3.8,L,142,
Suarez, Andrew,2020,9.2,11.9,14.3,.167,0,.335,.510,.394,-0.175,91.9,19.4,16.0,47.6,41.9,22.6,32.3,3.2,L,170,
Stanek, Ryne,2020,8.1,20.5,15.4,.212,0,.362,.384,.300,-0.022,89.6,16.0,31.9,53.8,36.0,32.0,24.0,8.0,R,150,
Springs, Jeffrey,2020,17.2,26.7,7.0,.244,0,.398,.345,.218,.053,86.1,10.7,38.8,60.5,41.1,12.5,35.7,10.7,L,357,
Soto, Gregory,2020,21.2,32.2,10.0,.088,0,.258,.279,.104,-0.021,90.4,4.0,30.8,51.1,54.0,18.0,28.0,0.0,L,355,
Soroka, Mike,2020,13.2,14.0,12.3,.021,3,.271,.364,.111,-0.093,88,2.4,22.6,61.4,61.0,12.2,24.4,2.4,R,199,
Snell, Blake,2020,44.1,30.0,8.3,.182,10,.292,.313,.179,-0.021,88.4,9.0,33.1,63.3,50.5,16.2,30.6,2.7,L,764,
Smith, Riley,2020,11.1,17.8,11.1,.125,0,.309,.305,.129,.004,88.2,3.1,9.1,53.3,50.0,21.9,21.9,6.3,R,173,
Skubal, Tarik,2020,23.1,25.5,8.2,.218,6,.328,.329,.218,-0.001,90.1,9.4,29.6,56.1,29.7,37.5,28.1,4.7,L,426,
Sanchez, Ricardo,2020,5.1,14.8,18.5,.250,0,.381,.384,.230,-0.003,88.9,5.9,23.5,51.9,35.3,23.5,29.4,11.8,L,117,
Samardzija, Jeff,2020,13.2,7.7,6.2,.339,3,.415,.391,.291,.024,88.1,11.1,13.8,56.9,22.2,33.3,24.1,20.4,R,252,
Rosso, Ramon,2020,9.2,23.9,17.4,.189,1,.359,.394,.269,-0.035,93.3,15.4,31.2,56.5,15.4,38.5,42.3,3.8,R,194,
Rogers, Taylor,2020,17.2,27.5,5.0,.184,0,.346,.307,.165,.039,89.2,11.1,23.6,65.0,40.7,18.5,35.2,5.6,L,318,
Rea, Colin,2020,14.0,16.1,3.2,.187,2,.296,.336,.182,-0.040,89.3,6.0,17.4,54.8,44.0,20.0,30.0,6.0,R,241,
Pressly, Ryan,2020,20.0,31.0,8.0,.126,0,.309,.279,.098,.030,89.9,3.8,35.5,65.5,48.1,17.3,30.8,3.8,R,335,
Plutko, Adam,2020,23.2,12.0,6.0,.206,4,.345,.338,.197,.007,88.9,7.4,22.7,60.0,27.2,23.5,33.3,16.0,R,394,
Petit, Yusmeiro,2020,19.2,20.7,6.1,.145,0,.291,.330,.228,-0.039,87.5,11.7,27.0,72.0,35.0,31.7,21.7,11.7,R,294,
Peterson, David,2020,42.2,20.1,12.8,.149,8,.298,.340,.179,-0.042,88.3,6.8,26.5,54.7,45.8,21.2,26.3,6.8,L,705,
Perez, Oliver,2020,15.2,21.3,8.2,.037,0,.233,.282,.112,-0.049,86.3,4.9,20.4,50.8,43.9,34.1,19.5,2.4,L,240,
Paddack, Chris,2020,55.1,24.3,4.9,.223,11,.313,.354,.216,-0.041,90.8,10.1,26.5,67.7,49.4,15.8,28.5,6.3,R,875,
Ottavino, Adam,2020,16.1,27.0,12.2,.159,0,.318,.324,.174,-0.006,89.6,6.8,25.2,55.4,52.3,20.5,20.5,6.8,R,295,
Neverauskas, Dovydas,2020,18.0,26.2,10.7,.266,0,.396,.372,.224,.024,91.2,9.4,33.3,45.2,47.2,13.2,30.2,9.4,R,337,
Neris, Hector,2020,17.2,23.3,14.0,.013,0,.304,.330,.125,-0.026,89.3,5.6,37.7,61.6,38.9,18.5,31.5,11.1,R,332,
Mize, Casey,2020,23.2,19.8,9.9,.208,6,.346,.382,.241,-0.036,88.3,12.2,23.3,55.9,43.2,18.9,31.1,6.8,R,454,
Milner, Hoby,2020,11.1,22.0,12.0,.232,0,.342,.378,.268,-0.036,85.4,12.5,19.3,74.0,43.8,12.5,28.1,15.6,L,214,
Melancon, Mark,2020,20.2,13.4,6.1,.055,0,.250,.307,.133,-0.057,88.8,4.7,19.2,70.7,59.4,15.6,21.9,3.1,R,285,
McGowin, Kyle,2020,7.1,46.2,7.7,.000,0,.120,.151,.041,-0.031,83.4,0.0,49.1,53.8,41.7,33.3,16.7,8.3,R,118,
Mazza, Chris,2020,25.0,20.2,11.4,.111,5,.348,.381,.149,-0.033,85.7,2.6,28.4,63.2,37.7,20.8,37.7,3.9,R,455,
Marshall, Evan,2020,21.2,32.2,7.8,.084,0,.245,.251,.067,-0.006,88.2,0.0,34.4,62.2,53.7,14.8,24.1,7.4,R,374,
Magill, Matt,2020,10.1,24.4,13.3,.231,0,.337,.347,.230,-0.010,91.1,10.7,27.1,73.3,42.9,35.7,14.3,7.1,R,177,
Lynn, Lance,2020,78.1,26.8,7.3,.153,12,.258,.280,.147,-0.022,89,5.5,25.9,61.0,36.5,26.5,27.5,9.5,R,1299,
Lucchesi, Joey,2020,5.2,15.6,6.3,.072,2,.441,.374,.073,.067,80.3,0.0,31.6,53.1,37.5,20.8,37.5,4.2,L,123,
Lindblom, Josh,2020,43.0,27.9,8.4,.162,9,.306,.304,.129,.002,87.2,4.5,30.4,60.3,28.8,20.7,35.1,15.3,R,746,
LeBlanc, Wade,2020,22.1,12.6,7.8,.240,6,.364,.334,.179,.030,86.1,3.7,25.0,68.0,38.3,21.0,32.1,8.6,L,365,
Lakins Sr., Travis,2020,22.2,20.0,11.4,.144,0,.335,.376,.194,-0.041,89.4,8.6,21.6,56.2,37.1,14.3,42.9,5.7,R,421,
Kremer, Dean,2020,16.0,30.8,13.8,.128,3,.239,.320,.223,-0.081,90,8.3,28.8,40.0,27.8,27.8,36.1,8.3,R,282,
Kelly, Joe,2020,7.2,20.0,16.7,.040,0,.272,.339,.078,-0.067,87.5,0.0,21.6,46.7,57.9,10.5,26.3,5.3,R,121,
Kilome, Franklyn,2020,11.1,22.4,15.5,.383,0,.447,.421,.320,.026,89.7,17.1,30.2,53.4,37.1,22.9,37.1,2.9,R,229,
Kay, Anthony,2020,21.0,22.4,14.3,.232,0,.358,.365,.212,-0.007,88.7,8.1,26.1,44.9,37.1,19.4,35.5,8.1,L,409,
Karinchak, James,2020,25.0,47.5,15.8,.050,0,.233,.230,.071,.003,87.1,2.7,44.3,65.3,21.6,27.0,35.1,16.2,R,436,
Jones, Nate,2020,18.2,26.7,7.0,.246,0,.393,.358,.251,.035,93.5,10.9,33.0,73.3,40.0,23.6,34.5,1.8,R,361,
Johnson, Pierce,2020,18.2,34.7,10.7,.136,0,.278,.294,.151,-0.016,88.4,7.3,41.1,65.3,31.7,14.6,36.6,17.1,R,289,
Hill, Tim,2020,15.0,23.8,4.8,.173,0,.285,.324,.170,-0.039,86.4,7.0,20.7,61.9,53.5,14.0,27.9,4.7,L,285,
Hill, Rich,2020,33.0,20.0,10.4,.118,7,.281,.351,.202,-0.070,86.9,7.5,16.3,53.3,41.9,23.7,26.9,7.5,L,513,
Heuer, Codi,2020,20.1,26.6,10.1,.070,0,.213,.302,.128,-0.089,87.4,6.0,33.6,51.9,48.0,18.0,28.0,6.0,R,315,
Giolito, Lucas,2020,66.1,32.6,9.5,.119,11,.250,.277,.136,-0.027,87,5.3,36.8,60.2,45.0,21.9,25.8,7.3,R,1095,
Garcia, Jarlin,2020,15.0,18.6,11.9,.021,0,.215,.306,.128,-0.091,88.5,5.1,14.0,63.3,43.6,28.2,23.1,5.1,L,230,
Fulmer, Carson,2020,10.1,23.9,10.9,.154,0,.303,.309,.125,-0.006,91.1,7.1,32.5,47.8,53.6,17.9,17.9,10.7,R,188,
Fried, Max,2020,55.0,22.9,8.7,.088,10,.256,.261,.078,-0.005,82.9,2.1,26.1,62.4,54.5,16.6,20.7,8.3,L,877,
Fletcher, Aaron,2020,4.1,24.1,24.1,.200,0,.475,.440,.193,.035,92,15.4,26.3,55.2,46.2,7.7,38.5,7.7,L,121,
Flaherty, Jack,2020,35.1,29.7,8.1,.145,8,.288,.345,.183,-0.057,88,6.7,34.0,62.2,42.7,14.6,38.2,4.5,R,624,
Familia, Jeurys,2020,24.0,18.5,15.7,.147,0,.312,.348,.145,-0.036,86.3,4.4,27.6,63.0,58.8,19.1,19.1,2.9,R,416,
Dobnak, Randy,2020,46.2,13.5,6.5,.089,10,.308,.334,.137,-0.026,87.8,5.2,20.6,54.0,61.7,10.4,25.3,2.6,R,748,
Davies, Zach,2020,60.1,23.3,6.8,.138,10,.259,.351,.223,-0.092,87.9,10.3,25.7,54.7,41.2,20.6,29.1,9.1,R,907,
Corbin, Patrick,2020,58.2,21.8,5.7,.180,10,.348,.362,.206,-0.014,90.9,6.3,25.6,64.4,45.0,19.6,29.1,6.3,L,955,
Castano, Daniel,2020,23.1,9.8,8.8,.174,6,.338,.374,.199,-0.036,88.7,7.2,20.2,64.7,45.8,20.5,27.7,6.0,L,378,
Cabrera, Genesis,2020,18.2,35.0,17.5,.177,0,.282,.344,.225,-0.062,85.8,11.8,38.2,42.5,29.4,26.5,35.3,8.8,L,339,
Bubic, Kris,2020,45.1,22.2,9.6,.158,9,.315,.354,.188,-0.039,86.9,7.5,25.9,49.5,45.1,17.3,28.6,9.0,L,837,
Braymer, Ben,2020,7.1,23.5,14.7,.035,1,.291,.310,.125,-0.019,90.4,0.0,20.7,52.9,28.6,28.6,38.1,4.8,L,152,
Barria, Jaime,2020,30.1,22.0,7.3,.152,4,.271,.251,.093,.020,88.3,1.2,24.0,69.9,36.0,24.4,24.4,15.1,R,479,
Alcantara, Sandy,2020,34.2,20.7,9.0,.139,6,.287,.321,.169,-0.034,87.5,6.9,23.8,60.0,49.5,17.8,27.7,5.0,R,564,
Akin, Keegan,2020,18.2,31.3,11.3,.129,4,.278,.308,.160,-0.030,89.8,8.9,28.9,55.0,35.6,22.2,35.6,6.7,L,355,
Zimmer, Kyle,2020,22.0,27.9,11.6,.067,1,.230,.284,.082,-0.054,88,3.9,30.2,57.0,51.0,15.7,25.5,7.8,R,351,
Romano, Jordan,2020,14.2,36.8,8.8,.134,0,.226,.269,.163,-0.043,92.3,9.7,43.8,68.4,58.1,9.7,25.8,6.5,R,237,
Wainwright, Adam,2020,59.0,21.8,6.0,.129,9,.261,.322,.174,-0.061,87.5,6.0,25.1,67.5,45.5,20.4,26.9,7.2,R,854,
Underwood Jr., Duane,2020,17.2,31.4,7.1,.265,0,.357,.315,.218,.042,92.1,9.5,36.1,60.0,38.1,23.8,38.1,0.0,R,283,
Tate, Dillon,2020,16.2,21.9,7.8,.072,0,.221,.350,.168,-0.129,87.9,7.0,25.0,46.9,53.5,14.0,27.9,4.7,R,285,
Stashak, Cody,2020,11.2,33.3,6.7,.214,0,.252,.291,.243,-0.039,87.4,11.1,31.9,57.8,33.3,18.5,33.3,14.8,R,181,
Sneed, Cy,2020,15.1,22.4,11.8,.247,0,.411,.342,.233,.069,87.6,8.0,20.8,64.5,34.0,24.0,34.0,8.0,R,309,
Sheffield, Justus,2020,50.1,22.1,8.5,.052,9,.277,.324,.126,-0.047,90.7,3.4,21.4,63.8,51.7,15.9,24.8,7.6,L,798,
Shaw, Bryan,2020,6.0,10.5,15.8,.334,0,.516,.427,.196,.089,90.2,7.4,20.0,63.2,55.6,18.5,25.9,0.0,R,153,
Scott, Tanner,2020,20.1,26.8,12.2,.072,0,.238,.302,.102,-0.064,84.4,4.3,36.0,50.0,55.3,21.3,19.1,4.3,L,328,
Sandoval, Patrick,2020,31.0,18.4,6.6,.275,5,.354,.372,.235,-0.018,88.7,7.8,27.6,58.8,52.9,15.7,30.4,1.0,L,491,
Sanchez, Anibal,2020,47.2,17.9,7.6,.225,10,.388,.367,.205,.021,88.8,9.1,23.9,63.4,39.0,22.0,32.9,6.1,R,891,
Rogers, Tyler,2020,24.2,22.7,5.5,.101,0,.312,.283,.090,.029,84.9,1.3,25.3,58.2,54.7,14.7,26.7,4.0,R,395,
Rodriguez, Nivaldo,2020,4.2,11.1,11.1,.348,0,.497,.443,.308,.054,91.2,9.5,20.8,63.0,42.9,19.0,28.6,9.5,R,104,
Richards, Garrett,2020,48.1,21.2,8.4,.175,10,.318,.348,.219,-0.030,89.7,8.5,25.6,61.1,41.8,19.1,31.9,7.1,R,753,
Reed, Cody,2020,12.0,21.8,14.5,.196,0,.345,.391,.170,-0.046,87.8,8.8,29.4,52.7,44.1,17.6,38.2,0.0,L,236,
Rasmussen, Drew,2020,14.1,28.1,12.5,.161,0,.326,.284,.072,.042,87.5,2.6,32.1,65.6,52.6,18.4,26.3,2.6,R,268,
Rainey, Tanner,2020,20.1,42.7,9.3,.209,0,.227,.277,.185,-0.050,91.2,11.4,47.3,54.7,34.3,31.4,28.6,5.7,R,299,
Peralta, Wandy,2020,25.2,21.1,10.1,.136,0,.300,.333,.143,-0.033,85.7,4.1,28.3,53.2,47.9,15.1,32.9,4.1,L,474,
Paredes, Enoli,2020,19.1,22.6,11.9,.097,0,.299,.370,.161,-0.071,89.5,5.6,33.6,57.1,44.4,16.7,33.3,5.6,R,332,
Odorizzi, Jake,2020,13.2,20.0,5.0,.273,4,.373,.433,.336,-0.060,90.1,16.3,19.9,46.7,37.2,7.0,46.5,9.3,R,283,
O'Day, Darren,2020,15.0,32.3,8.1,.018,0,.194,.255,.056,-0.061,83.6,0.0,30.3,72.6,29.4,29.4,26.5,14.7,R,244,
Norris, Daniel,2020,24.2,23.8,5.7,.133,1,.285,.328,.205,-0.043,91.4,8.2,25.2,56.2,57.5,12.3,27.4,2.7,L,445,
Newcomb, Sean,2020,13.2,14.3,8.6,.250,4,.415,.391,.255,.024,87.3,9.8,20.3,48.6,37.3,25.5,31.4,5.9,L,300,
Montas, Frankie,2020,43.0,22.8,10.4,.182,9,.339,.338,.189,.001,87.6,7.0,28.0,58.5,39.8,20.3,29.7,10.2,R,731,
Menez, Conner,2020,11.1,17.8,11.1,.210,0,.278,.319,.166,-0.041,85.1,6.5,20.3,60.0,32.3,25.8,22.6,19.4,L,169,
Mears, Nick,2020,5.0,26.9,26.9,.222,0,.374,.403,.155,-0.029,93.4,8.3,40.8,42.3,41.7,25.0,33.3,0.0,R,114,
McKenzie, Triston,2020,29.1,31.6,7.9,.212,6,.282,.320,.251,-0.038,86.4,13.2,28.4,64.9,39.7,23.5,25.0,11.8,R,498,
Kriske, Brooks,2020,3.2,36.4,31.8,.200,0,.387,.382,.125,.005,90.9,14.3,39.1,59.1,28.6,14.3,57.1,0.0,R,109,
Lauer, Eric,2020,9.1,19.6,11.8,.238,2,.434,.406,.269,.028,88.8,9.1,29.4,49.0,18.2,39.4,39.4,3.0,L,199,
Kolarek, Adam,2020,17.2,18.2,6.1,.065,0,.182,.269,.049,-0.087,82.9,0.0,18.2,59.1,62.0,16.0,18.0,4.0,L,233,
Keller, Mitch,2020,16.2,19.7,15.2,.254,4,.309,.381,.325,-0.072,90.7,14.3,20.3,47.0,38.1,38.1,19.0,4.8,R,286,
Jackson, Luke,2020,21.1,14.0,11.2,.078,0,.359,.353,.104,.006,89.6,2.5,20.9,57.0,59.5,11.4,24.1,5.1,R,406,
Iglesias, Raisel,2020,20.2,31.7,6.1,.068,0,.218,.270,.125,-0.052,87,6.0,37.9,68.3,44.0,18.0,30.0,8.0,R,315,
Holland, Greg,2020,28.1,27.7,6.3,.110,0,.250,.283,.143,-0.033,89.8,7.0,30.0,58.0,52.1,21.1,22.5,4.2,R,447,
Hoffman, Jeff,2020,18.1,19.8,8.1,.211,0,.399,.367,.190,.032,91.9,8.2,21.9,58.1,41.0,21.3,32.8,4.9,R,331,
Sherriff, Ryan,2020,7.2,3.6,7.1,.000,0,.205,.298,.090,-0.093,85,0.0,6.1,78.6,52.0,24.0,12.0,12.0,L,101,
Hess, David,2020,7.0,3.1,6.3,.267,0,.402,.422,.292,-0.020,89.7,10.3,7.7,59.4,37.9,27.6,27.6,6.9,R,117,
Herget, Jimmy,2020,17.2,19.2,16.7,.143,1,.303,.353,.164,-0.050,87.2,6.3,25.8,64.1,35.4,20.8,29.2,14.6,R,307,
Harvey, Hunter,2020,7.2,16.7,6.7,.111,0,.256,.336,.171,-0.080,91,4.3,23.0,60.0,39.1,21.7,30.4,8.7,R,120,
Green, Chad,2020,23.2,35.2,7.7,.190,0,.220,.245,.186,-0.025,86.8,9.6,31.0,65.9,42.3,32.7,17.3,7.7,R,388,
Hale, David,2020,16.0,18.3,5.6,.179,1,.368,.386,.225,-0.018,88.1,7.4,22.7,63.4,53.7,9.3,33.3,3.7,R,271,
Hahn, Jesse,2020,14.0,26.4,11.3,.022,0,.164,.244,.069,-0.080,86.4,0.0,22.7,60.4,43.8,21.9,21.9,12.5,R,233,
Greinke, Zack,2020,62.1,24.8,3.2,.154,11,.282,.310,.195,-0.028,86.8,8.4,27.1,62.0,41.9,19.6,29.6,8.9,R,873,
Graveman, Kendall,2020,15.1,20.0,9.2,.225,2,.320,.299,.139,.021,91.3,4.3,18.4,60.0,50.0,21.7,26.1,2.2,R,289,
Gonzalez, Gio,2020,29.2,22.5,13.4,.133,4,.366,.360,.139,.006,86.3,5.7,33.5,63.4,43.2,14.8,35.2,6.8,L,577,
Fry, Paul,2020,20.0,27.0,7.9,.161,0,.319,.262,.109,.057,88.3,5.3,25.5,52.8,59.6,12.3,19.3,8.8,L,338,
Fiers, Mike,2020,54.0,14.5,6.4,.157,10,.326,.344,.195,-0.018,88.5,7.1,16.3,62.1,36.6,21.9,30.1,11.5,R,836,
Doolittle, Sean,2020,7.2,16.7,11.1,.333,0,.387,.445,.383,-0.058,89.9,15.4,18.7,63.9,7.7,23.1,53.8,15.4,L,127,
Davis, Wade,2020,4.1,12.0,12.0,.546,0,.559,.465,.476,.094,85.5,21.1,19.6,32.0,42.1,10.5,42.1,5.3,R,119,
Colome, Alex,2020,20.1,17.9,9.5,.054,0,.228,.300,.108,-0.072,87,3.4,30.6,54.8,49.2,10.2,33.9,6.8,R,348,
Chatwood, Tyler,2020,18.2,29.1,10.5,.185,5,.352,.358,.184,-0.006,90.2,9.6,29.3,60.5,38.5,19.2,42.3,0.0,R,333,
Canning, Griffin,2020,50.1,21.4,8.4,.203,10,.335,.335,.209,.000,89,9.3,25.5,55.8,36.7,27.3,26.0,10.0,R,857,
Buttrey, Ty,2020,25.1,15.6,8.3,.218,0,.348,.345,.200,.003,90.5,7.3,19.8,54.1,48.8,15.9,32.9,2.4,R,419,
Bundy, Dylan,2020,65.2,27.0,6.4,.135,11,.263,.282,.135,-0.019,87,4.6,29.5,56.9,42.8,19.1,28.3,9.8,R,1018,
Bummer, Aaron,2020,7.1,40.0,13.3,.000,0,.208,.234,.054,-0.026,92.8,0.0,35.4,56.7,78.6,7.1,14.3,0.0,L,128,
Buchter, Ryan,2020,6.0,27.6,20.7,.305,0,.379,.416,.318,-0.037,92.3,13.3,25.5,62.1,13.3,33.3,40.0,13.3,L,114,
Brubaker, JT,2020,42.1,24.7,8.2,.135,8,.303,.328,.160,-0.025,86.6,7.5,28.1,62.6,48.3,16.7,29.2,5.8,R,715,
Brasier, Ryan,2020,24.0,28.4,9.8,.132,1,.288,.325,.160,-0.037,91.3,6.3,34.4,62.7,36.5,22.2,36.5,4.8,R,392,
Borucki, Ryan,2020,15.1,29.0,17.4,.090,0,.278,.297,.142,-0.019,87.7,8.1,32.6,63.8,29.7,29.7,32.4,8.1,L,309,
Bielak, Brandon,2020,29.0,17.4,12.1,.274,6,.398,.399,.269,-0.001,86.5,8.8,28.7,56.8,38.5,25.3,29.7,6.6,R,531,
Betances, Dellin,2020,10.1,16.7,14.6,.000,0,.312,.348,.065,-0.036,82.2,0.0,18.3,52.1,41.9,19.4,32.3,6.5,R,192,
Bergen, Travis,2020,5.1,29.2,29.2,.059,0,.324,.372,.161,-0.048,92.9,10.0,27.3,41.7,40.0,20.0,30.0,10.0,L,115,
Beeks, Jalen,2020,19.1,32.1,4.9,.106,0,.298,.254,.079,.044,86.4,2.0,33.3,70.4,45.1,17.6,29.4,7.8,L,323,
Bassitt, Chris,2020,56.0,20.8,7.2,.154,10,.294,.326,.176,-0.032,88.7,6.5,21.1,56.4,44.0,21.4,28.6,6.0,R,865,
Barnes, Jacob,2020,15.0,26.9,6.0,.121,0,.325,.352,.206,-0.027,90.4,7.0,32.5,55.2,46.5,11.6,37.2,4.7,R,267,
Baragar, Caleb,2020,19.2,19.2,6.4,.197,0,.284,.335,.243,-0.051,89.8,8.8,18.9,64.1,19.3,42.1,24.6,14.0,L,315,
Banda, Anthony,2020,7.0,11.1,13.9,.310,0,.464,.434,.269,.030,88.5,12.0,23.6,58.3,52.0,20.0,24.0,4.0,L,139,
Armstrong, Shawn,2020,12.1,25.5,6.4,.140,0,.252,.306,.144,-0.054,87.5,6.5,25.5,74.5,48.4,19.4,29.0,3.2,R,199,
Anderson, Chase,2020,29.0,21.5,6.7,.336,7,.426,.408,.300,.018,87.9,15.6,27.5,54.8,37.5,16.7,34.4,11.5,R,562,
Anderson, Brett,2020,39.0,14.3,5.4,.170,8,.332,.361,.180,-0.029,89.1,5.3,17.4,66.7,61.4,12.1,24.2,2.3,L,634,
Alexander, Tyler,2020,33.2,23.6,6.3,.215,2,.355,.348,.221,.007,88.9,9.3,22.9,61.8,44.3,19.6,27.8,8.2,L,569,
Alcala, Jorge,2020,21.2,31.8,8.2,.141,0,.297,.276,.130,.021,85.4,5.9,34.8,54.1,43.1,19.6,25.5,11.8,R,355,
Zuber, Tyler,2020,19.0,27.3,21.6,.191,0,.344,.376,.229,-0.032,88.8,9.1,24.5,54.5,40.9,22.7,31.8,4.5,R,372,
Zeuch, T.J.,2020,6.1,11.1,14.8,.174,0,.284,.394,.143,-0.110,90.6,5.0,19.0,48.1,55.0,10.0,30.0,5.0,R,110,
Williams, Trevor,2020,49.2,19.7,7.9,.247,10,.385,.354,.206,.031,87.2,6.8,24.5,60.7,43.8,24.1,27.8,4.3,R,916,
Widener, Taylor,2020,19.0,23.8,14.3,.275,0,.345,.354,.250,-0.009,87.2,10.2,28.9,59.5,34.7,28.6,26.5,10.2,R,346,
Webb, Jacob,2020,5.2,33.3,12.5,.000,0,.249,.253,.044,-0.004,89.4,0.0,40.4,45.8,61.5,7.7,15.4,15.4,R,110,
Wacha, Michael,2020,28.0,24.8,5.3,.282,6,.401,.337,.212,.064,87.6,7.7,24.9,54.1,40.7,23.1,30.8,5.5,R,543,
Valdez, Framber,2020,63.2,26.1,6.1,.109,9,.282,.323,.161,-0.041,90.9,8.1,25.1,60.2,60.1,8.7,30.1,1.2,L,941,
Urena, Jose,2020,15.0,14.7,13.2,.158,3,.338,.352,.162,-0.014,89.8,6.4,25.6,60.3,48.9,19.1,21.3,10.6,R,266,
Soria, Joakim,2020,20.1,25.8,10.1,.078,0,.260,.254,.099,.006,87.1,1.8,24.0,56.2,31.6,31.6,24.6,12.3,R,358,
Smith, Will,2020,14.0,25.5,7.3,.353,0,.325,.376,.355,-0.051,91.3,13.5,36.2,49.1,29.7,35.1,29.7,5.4,L,216,
Smith, Caleb,2020,8.0,26.3,23.7,.311,3,.362,.433,.402,-0.071,93,15.8,34.2,65.8,21.1,36.8,26.3,15.8,L,171,
Shafer, Justin,2020,5.2,16.7,13.3,.375,0,.453,.500,.454,-0.047,89.2,20.0,22.9,50.0,0.0,40.0,45.0,15.0,R,112,
Sadler, Casey,2020,17.0,26.0,12.3,.143,0,.275,.319,.117,-0.044,87.3,4.4,30.7,53.4,48.9,17.8,31.1,2.2,R,300,
Romero, JoJo,2020,9.2,25.0,2.5,.055,0,.295,.296,.058,-0.001,87.2,0.0,32.1,70.0,59.3,0.0,29.6,11.1,L,141,
Ramirez, Yohan,2020,18.2,29.3,20.7,.148,0,.267,.306,.160,-0.039,86.8,7.9,30.8,47.6,7.9,44.7,23.7,23.7,R,369,
Quintana, Jose,2020,6.0,37.5,8.3,.227,0,.349,.325,.144,.024,96.7,7.7,30.6,66.7,30.8,23.1,46.2,0.0,L,116,
Ponce, Cody,2020,17.0,18.2,9.1,.333,3,.328,.379,.337,-0.051,88.7,14.6,19.1,66.7,35.4,20.8,29.2,14.6,R,265,
Pineda, Michael,2020,22.2,22.6,4.3,.058,4,.253,.292,.112,-0.039,86.1,7.5,28.6,62.4,41.8,22.4,25.4,10.4,R,375,
Phelps, David,2020,20.2,37.8,6.1,.276,0,.312,.312,.258,.000,84.1,13.3,27.3,58.5,48.9,20.0,24.4,6.7,R,349,
Peralta, Freddy,2020,27.1,38.6,9.6,.102,1,.256,.261,.132,-0.005,87,7.1,40.9,52.6,39.3,21.4,26.8,12.5,R,450,
Paxton, James,2020,20.1,28.9,7.8,.247,5,.362,.325,.227,.037,90.7,10.7,28.4,68.9,32.1,28.6,32.1,7.1,L,356,
Parker, Blake,2020,16.0,36.2,13.0,.170,1,.280,.276,.146,.004,88,5.7,29.4,55.1,37.1,22.9,28.6,11.4,R,315,
Nelson, Nick,2020,17.2,19.2,11.5,.161,0,.330,.387,.213,-0.057,88,9.3,27.7,59.0,57.4,16.7,24.1,1.9,R,327,
Neidert, Nick,2020,6.1,11.1,3.7,.231,0,.394,.466,.222,-0.072,95.9,8.7,10.6,40.7,65.2,8.7,26.1,0.0,R,105,
Milone, Tommy,2020,39.0,22.1,3.3,.276,9,.388,.338,.218,.050,89.2,6.0,27.7,67.4,35.3,28.6,30.1,6.0,L,697,
Lyles, Jordan,2020,49.2,12.9,9.4,.202,7,.339,.363,.206,-0.024,89.2,7.5,15.1,60.3,41.6,24.9,25.4,8.1,R,836,
Lorenzen, Michael,2020,30.1,23.3,12.0,.131,2,.304,.287,.112,.017,84.3,3.5,35.1,58.6,52.9,22.4,21.2,3.5,R,546,
Lopez, Yoan,2020,18.0,20.0,10.7,.239,0,.325,.330,.254,-0.005,90.3,9.6,26.8,62.7,51.9,28.8,17.3,1.9,R,250,
Kinley, Tyler,2020,22.0,25.3,13.2,.110,0,.273,.297,.131,-0.024,86.8,5.7,34.8,57.1,47.2,26.4,20.8,5.7,R,353,
Kimbrel, Craig,2020,14.0,40.0,18.5,.177,0,.326,.353,.220,-0.027,91,20.0,37.3,56.9,36.0,16.0,44.0,4.0,R,279,
Kershaw, Clayton,2020,54.1,29.2,4.0,.146,9,.222,.271,.156,-0.049,87.7,7.5,28.4,70.3,54.5,19.4,20.1,6.0,L,810,
Kennedy, Ian,2020,14.0,21.7,7.2,.371,1,.434,.391,.317,.043,92.5,14.6,21.5,65.2,39.6,27.1,22.9,10.4,R,261,
Jimenez, Joe,2020,18.0,21.7,7.2,.357,0,.420,.400,.298,.020,93.3,13.0,24.7,63.9,33.3,24.1,35.2,7.4,R,323,
Javier, Cristian,2020,48.2,25.3,8.9,.205,9,.273,.287,.184,-0.014,86.7,7.3,21.9,44.2,30.6,30.6,22.6,16.1,R,794,
Holland, Derek,2020,40.2,25.1,8.4,.279,5,.363,.394,.301,-0.031,92.5,14.7,26.5,65.9,37.9,18.1,35.3,8.6,L,719,
Hill, Cam,2020,16.2,23.4,6.3,.178,0,.244,.309,.222,-0.065,87.4,7.0,29.8,56.3,41.9,34.9,20.9,2.3,R,269,
Hembree, Heath,2020,19.0,22.2,8.9,.430,0,.462,.431,.402,.031,89.9,20.0,26.9,54.4,31.7,28.3,36.7,3.3,R,363,
Hernandez, Elieser,2020,25.2,32.1,4.7,.202,6,.285,.290,.170,-0.005,91.8,7.7,29.2,68.9,33.8,26.2,29.2,10.8,R,453,
Hearn, Taylor,2020,14.0,30.2,15.9,.137,0,.312,.293,.152,.019,91.6,6.1,25.2,54.0,33.3,27.3,27.3,12.1,L,285,
Gomber, Austin,2020,19.0,25.3,15.7,.075,2,.285,.325,.117,-0.040,89.8,4.2,29.1,60.2,45.8,14.6,37.5,2.1,L,375,
Givens, Mychal,2020,21.0,26.1,11.4,.227,0,.311,.298,.196,.013,87.1,7.5,27.6,55.7,24.5,37.7,26.4,11.3,R,394,
Gausman, Kevin,2020,52.2,31.6,7.0,.188,9,.280,.309,.179,-0.029,88.4,8.4,33.0,60.5,40.5,19.1,33.6,6.9,R,865,
Garcia, Yimi,2020,12.1,32.0,8.0,.065,0,.215,.260,.130,-0.045,88.6,6.7,28.4,62.0,50.0,13.3,20.0,16.7,R,205,
Fulmer, Michael,2020,25.1,16.4,9.8,.243,9,.424,.417,.234,.007,90.9,7.9,20.7,53.3,38.2,22.5,29.2,10.1,R,486,
Freeman, Sam,2020,5.0,24.0,28.0,.000,0,.245,.339,.129,-0.094,86.3,0.0,26.1,36.0,41.7,33.3,16.7,8.3,L,109,
Dolis, Rafael,2020,22.2,29.5,14.7,.090,0,.278,.288,.133,-0.010,85.4,5.8,29.7,52.6,53.8,17.3,21.2,7.7,R,386,
Diehl, Phillip,2020,6.0,16.0,4.0,.333,0,.385,.324,.254,.061,90.7,10.0,16.3,52.0,45.0,20.0,30.0,5.0,L,116,
Diaz, Jairo,2020,17.2,16.8,13.7,.224,0,.429,.454,.274,-0.025,89.8,11.1,24.2,64.2,41.3,9.5,44.4,4.8,R,331,
Dayton, Grant,2020,22.2,26.3,9.1,.149,0,.291,.314,.200,-0.023,86,9.5,28.6,59.6,31.7,23.8,31.7,12.7,L,409,
Davis, Austin,2020,6.1,16.7,3.3,.138,0,.389,.350,.174,.039,89.3,8.3,32.8,63.3,66.7,4.2,25.0,4.2,L,115,
Crichton, Stefan,2020,24.2,21.9,8.6,.120,0,.290,.315,.105,-0.025,88.4,1.4,22.5,59.0,46.4,17.4,30.4,5.8,R,391,
Cortes, Nestor,2020,7.2,18.2,13.6,.571,1,.538,.434,.341,.104,87.4,11.1,20.3,61.4,37.0,18.5,33.3,11.1,L,165,
Chavez, Jesse,2020,16.0,16.4,9.6,.334,0,.407,.410,.293,-0.003,86.8,14.8,14.8,53.4,42.6,20.4,29.6,7.4,R,289,
Cease, Dylan,2020,53.2,16.7,13.7,.219,11,.339,.375,.210,-0.036,89.2,7.6,24.6,55.1,39.9,20.3,31.0,8.9,R,1001,
Brogdon, Connor,2020,8.1,31.4,14.3,.333,0,.314,.300,.196,.014,89,10.5,27.6,54.3,31.6,36.8,31.6,0.0,R,147,
Britton, Zack,2020,17.0,20.0,10.0,.064,0,.238,.273,.100,-0.035,87.5,4.1,27.7,52.9,69.4,6.1,22.4,2.0,L,257,
Brault, Steven,2020,35.2,21.1,12.5,.062,9,.279,.324,.128,-0.045,85.2,5.1,23.1,53.3,51.0,20.4,25.5,3.1,L,652,
Bradley, Archie,2020,18.1,24.7,4.1,.102,0,.274,.328,.212,-0.054,86.7,9.8,23.0,63.0,39.2,15.7,35.3,9.8,R,276,
Brach, Brad,2020,12.1,25.5,20.0,.163,0,.329,.316,.111,.013,83.9,3.4,33.3,62.5,34.5,24.1,20.7,20.7,R,230,
Berrios, Jose,2020,58.0,24.5,9.6,.128,11,.296,.325,.154,-0.029,88.8,5.6,27.5,62.2,44.1,21.1,28.6,6.2,R,1021,
Bednar, David,2020,6.1,15.6,6.3,.200,0,.408,.443,.319,-0.035,93.7,8.0,27.7,59.4,36.0,24.0,36.0,4.0,R,118,
Bard, Daniel,2020,22.0,27.4,8.4,.107,0,.307,.323,.141,-0.016,89.6,6.9,29.1,57.9,51.7,15.5,27.6,5.2,R,377,
Antone, Tejay,2020,31.2,30.7,12.6,.147,4,.259,.264,.120,-0.005,86.3,5.7,33.5,66.9,52.9,21.4,14.3,11.4,R,539,
Andriese, Matt,2020,28.1,25.4,9.6,.167,1,.278,.331,.176,-0.053,89.9,9.6,21.7,57.0,45.2,21.9,24.7,8.2,R,448,
Alvarez, Jose,2020,6.1,22.2,11.1,.083,0,.328,.350,.080,-0.022,86.3,5.6,25.0,55.6,50.0,0.0,38.9,11.1,L,129,
Allard, Kolby,2020,30.2,20.6,13.5,.167,8,.333,.354,.204,-0.021,90.4,7.6,24.7,63.1,33.7,28.3,30.4,7.6,L,594,
Alexander, Scott,2020,12.1,17.3,17.3,.143,0,.310,.356,.170,-0.046,90.7,5.9,23.2,55.8,70.6,5.9,23.5,0.0,L,202,
Adam, Jason,2020,11.1,39.6,10.4,.163,0,.267,.244,.108,.023,85,4.2,42.6,60.4,41.7,37.5,16.7,4.2,R,215,
deGrom, Jacob,2020,63.0,38.2,6.5,.119,11,.232,.256,.143,-0.024,88.3,8.8,41.7,58.5,44.9,24.3,26.5,4.4,R,1022,
Wittgren, Nick,2020,21.2,27.9,5.8,.200,0,.269,.353,.270,-0.084,89.4,11.5,28.9,57.0,34.6,25.0,36.5,3.8,R,323,
Williams, Devin,2020,23.0,54.0,9.2,.078,0,.157,.182,.093,-0.025,83.4,6.7,52.9,57.5,56.7,16.7,20.0,6.7,R,378,
Weaver, Luke,2020,47.0,22.9,8.4,.226,11,.361,.340,.218,.021,89.2,7.5,25.0,60.7,35.6,28.8,30.1,5.5,R,878,
Urquidy, Jose,2020,22.2,13.8,9.2,.088,4,.242,.359,.189,-0.117,90.2,6.0,22.4,63.2,32.8,25.4,32.8,9.0,R,331,
Urias, Julio,2020,49.0,19.8,7.9,.119,10,.278,.303,.163,-0.025,86.9,4.8,24.7,61.9,33.6,26.7,29.5,10.3,L,789,
Turnbull, Spencer,2020,51.2,21.1,12.4,.101,10,.287,.368,.178,-0.081,91.4,7.0,28.2,56.4,51.0,16.1,29.4,3.5,R,881,
Taylor, Blake,2020,18.2,20.3,13.9,.118,0,.259,.274,.105,-0.015,82.4,5.8,21.8,50.6,55.8,11.5,25.0,7.7,L,311,
Tanaka, Masahiro,2020,44.0,22.4,2.9,.191,9,.293,.319,.217,-0.026,88.5,9.4,30.2,64.4,41.4,15.6,30.5,12.5,R,678,
Swanson, Erik,2020,6.2,20.6,5.9,.380,0,.479,.479,.367,.000,94.2,17.4,29.2,64.7,30.4,30.4,34.8,4.3,R,134,
Suter, Brent,2020,27.2,29.6,3.5,.136,3,.288,.283,.150,.005,84.9,5.3,30.4,57.4,53.9,15.8,25.0,5.3,L,457,
Strahm, Matt,2020,19.0,18.7,4.0,.162,0,.269,.324,.198,-0.055,86.1,5.6,20.3,62.7,46.3,20.4,24.1,9.3,L,274,
Smith, Burch,2020,12.0,29.5,2.3,.116,0,.194,.239,.166,-0.045,89.5,6.7,29.1,59.1,30.0,26.7,30.0,13.3,R,153,
Singer, Brady,2020,54.1,23.3,8.1,.138,10,.283,.316,.154,-0.033,89.2,3.9,25.3,59.2,53.3,21.1,22.4,3.3,R,903,
Shoemaker, Matt,2020,28.2,22.6,7.8,.257,6,.307,.346,.251,-0.039,87.7,10.0,28.5,67.8,51.3,17.5,23.8,7.5,R,446,
Senzatela, Antonio,2020,69.0,14.0,5.0,.147,11,.289,.340,.167,-0.051,88.5,5.4,19.0,62.0,50.5,18.5,25.7,5.4,R,1037,
Sanchez, Sixto,2020,36.0,22.0,5.0,.084,6,.267,.271,.125,-0.004,87.9,5.0,25.6,69.5,59.4,12.9,20.8,6.9,R,484,
Rogers, Trevor,2020,25.0,29.4,10.1,.233,6,.372,.297,.139,.075,88.1,5.7,31.0,64.7,47.1,17.1,30.0,5.7,L,514,
Robles, Hansel,2020,14.2,23.6,12.5,.233,0,.388,.423,.300,-0.035,87.6,15.6,29.8,61.1,33.3,20.0,42.2,4.4,R,281,
Roark, Tanner,2020,39.1,19.4,11.7,.335,9,.421,.396,.302,.025,88.3,13.8,26.3,53.9,35.0,22.8,30.9,11.4,R,738,
Richards, Trevor,2020,32.0,18.0,7.3,.190,4,.370,.348,.201,.022,89.3,8.9,25.7,58.7,35.7,24.1,33.0,7.1,R,576,
Raley, Brooks,2020,19.0,31.3,7.5,.189,0,.290,.292,.161,-0.002,82.1,8.9,31.0,60.0,40.0,13.3,31.1,15.6,L,320,
Quantrill, Cal,2020,25.0,22.9,6.4,.134,1,.316,.343,.205,-0.027,85.2,8.2,24.9,65.1,42.5,21.9,26.0,9.6,R,431,
Patino, Luis,2020,16.1,23.5,16.0,.149,1,.357,.322,.177,.035,87.7,6.3,25.0,64.2,35.4,33.3,22.9,8.3,R,330,
Pagan, Emilio,2020,19.0,26.0,11.7,.209,0,.292,.324,.241,-0.032,89.2,10.4,27.6,77.9,29.2,33.3,20.8,16.7,R,334,
Moran, Brian,2020,4.2,26.9,23.1,.250,0,.438,.410,.232,.028,91.4,7.7,37.5,40.7,46.2,15.4,38.5,0.0,L,110,
Oswalt, Corey,2020,13.0,20.0,3.6,.308,1,.362,.394,.358,-0.032,91.1,17.1,29.7,60.0,36.6,26.8,29.3,7.3,R,223,
Minter, A.J.,2020,18.2,26.4,12.5,.097,0,.226,.255,.079,-0.029,84.3,2.3,27.6,58.3,50.0,20.5,20.5,9.1,L,328,
McCarthy, Kevin,2020,6.0,6.9,6.9,.115,0,.409,.422,.194,-0.013,86.6,4.2,13.3,58.6,45.8,12.5,37.5,4.2,R,100,
Maeda, Kenta,2020,60.2,31.6,4.4,.140,10,.217,.263,.148,-0.046,85.3,6.9,33.8,64.4,50.0,13.2,25.0,11.8,R,892,
Luzardo, Jesus,2020,56.0,25.3,6.0,.172,9,.312,.321,.170,-0.009,88.6,6.4,30.5,62.7,49.7,14.0,28.7,7.6,L,857,
Knebel, Corey,2020,11.2,25.5,12.7,.291,0,.400,.316,.230,.084,88,11.8,21.7,45.5,32.4,29.4,29.4,8.8,R,230,
Leibrandt, Brandon,2020,9.0,8.3,19.4,.000,0,.193,.329,.163,-0.136,89.6,3.8,14.7,66.7,38.5,26.9,26.9,7.7,L,150,
Kintzler, Brandon,2020,21.1,12.4,9.0,.175,0,.300,.343,.185,-0.043,87.2,7.1,15.6,68.5,57.1,12.9,27.1,2.9,R,298,
King, Michael,2020,26.2,21.5,9.1,.213,4,.357,.346,.195,.011,87,6.1,21.3,62.8,40.2,28.0,25.6,6.1,R,469,
Keller, Brad,2020,48.2,15.5,8.8,.047,8,.239,.340,.139,-0.101,89.4,4.1,19.0,58.2,52.4,13.1,28.3,6.2,R,772,
Kim, Kwang Hyun,2020,34.0,15.8,7.5,.138,6,.241,.314,.155,-0.073,87.8,4.9,18.8,55.6,49.0,15.7,33.3,2.0,L,514,
Kickham, Mike,2020,11.2,25.9,5.2,.358,2,.442,.376,.313,.066,88.6,13.2,27.0,65.5,39.5,26.3,34.2,0.0,L,218,
Jeffress, Jeremy,2020,22.1,19.0,14.3,.058,0,.220,.334,.128,-0.114,89.6,3.7,24.6,57.1,55.6,14.8,25.9,3.7,R,327,
Hoyt, James,2020,13.1,34.5,12.7,.131,0,.242,.296,.158,-0.054,87.3,10.7,36.2,58.2,46.4,21.4,17.9,14.3,R,223,
Houck, Tanner,2020,11.0,27.5,15.0,.030,2,.195,.311,.155,-0.116,87.5,4.5,22.2,50.0,45.5,22.7,31.8,0.0,R,171,
Hirano, Yoshihisa,2020,11.0,18.0,10.0,.070,0,.314,.308,.114,.006,85.9,2.9,28.7,52.0,51.4,20.0,25.7,2.9,R,193,
Hernandez, Carlos,2020,13.0,18.2,9.1,.286,2,.356,.416,.291,-0.060,90.9,12.8,22.2,50.9,38.5,23.1,30.8,7.7,R,208,
Heaney, Andrew,2020,62.2,26.1,6.6,.140,11,.281,.322,.196,-0.041,88.7,6.4,28.9,68.1,40.4,21.1,29.2,9.4,L,999,
Harper, Ryne,2020,23.0,23.5,6.9,.160,0,.316,.321,.175,-0.005,86.4,7.1,22.0,64.7,38.6,24.3,27.1,10.0,R,377,
Goody, Nick,2020,10.2,25.5,15.7,.262,1,.371,.349,.242,.022,85.5,10.0,24.0,58.8,36.7,36.7,23.3,3.3,R,223,
Gonzales, Marco,2020,64.2,23.1,2.4,.143,10,.257,.313,.203,-0.056,86.5,8.6,20.0,63.9,37.1,23.7,29.0,10.2,L,960,
Garcia, Deivi,2020,27.2,22.2,4.3,.198,5,.311,.352,.251,-0.041,90,11.8,22.1,64.1,34.1,24.7,28.2,12.9,R,429,
Gant, John,2020,15.0,30.0,11.7,.019,0,.202,.273,.088,-0.071,89.2,2.9,32.4,70.0,68.6,17.1,11.4,2.9,R,235,
Funkhouser, Kyle,2020,17.1,14.8,13.6,.203,0,.391,.388,.160,.003,90.3,5.2,23.2,54.3,48.3,19.0,29.3,3.4,R,319,
Fry, Jace,2020,15.2,33.3,13.6,.158,0,.315,.290,.128,.025,92.7,5.7,35.8,54.5,45.7,20.0,31.4,2.9,L,264,
Foster, Matt,2020,25.0,30.9,6.4,.115,2,.223,.340,.229,-0.117,86.8,13.6,31.5,63.8,37.3,20.3,33.9,8.5,R,377,
Feyereisen, J.P.,2020,8.1,20.6,14.7,.346,0,.319,.366,.274,-0.047,88.5,14.3,37.5,58.8,28.6,28.6,28.6,14.3,R,137,
Estevez, Carlos,2020,22.1,22.0,7.3,.306,0,.422,.392,.241,.030,91.5,12.2,23.9,64.2,29.7,23.0,40.5,6.8,R,404,
Duffey, Tyler,2020,21.1,34.1,7.3,.120,0,.215,.268,.121,-0.053,92.6,4.3,36.9,65.9,55.3,14.9,23.4,6.4,R,323,
Darvish, Yu,2020,69.0,32.4,4.8,.117,11,.255,.285,.140,-0.030,88.5,6.5,32.6,65.1,43.5,16.1,32.7,7.7,R,1057,
Civale, Aaron,2020,70.0,22.4,5.5,.167,11,.316,.321,.167,-0.005,86.8,5.8,25.8,63.8,45.6,20.4,30.1,3.9,R,1118,
Cimber, Adam,2020,10.2,10.9,2.2,.163,0,.314,.264,.139,.050,86,7.5,22.9,65.2,50.0,15.0,22.5,12.5,R,167,
Castellanos, Humberto,2020,10.2,23.5,9.8,.204,0,.363,.335,.190,.028,89.5,6.3,21.9,58.8,46.9,12.5,34.4,6.3,R,207,
Castellani, Ryan,2020,38.2,14.5,12.7,.295,8,.366,.404,.252,-0.038,90.9,7.0,26.4,63.0,38.3,23.5,32.2,6.1,R,661,
Burrows, Beau,2020,6.2,10.0,3.3,.357,0,.398,.397,.279,.001,90,12.0,19.6,53.3,40.0,28.0,28.0,4.0,R,110,
Buehler, Walker,2020,32.2,26.9,7.5,.195,7,.270,.308,.199,-0.038,89.8,6.9,27.9,59.7,36.8,29.9,23.0,10.3,R,535,
Brewer, Colten,2020,25.2,20.5,11.5,.233,4,.379,.430,.273,-0.051,89.2,14.6,22.6,64.8,51.2,12.2,34.1,2.4,R,506,
Bedrosian, Cam,2020,12.2,22.0,10.0,.068,0,.246,.280,.113,-0.034,89.1,2.9,25.0,64.0,29.4,32.4,17.6,20.6,R,209,
Barlow, Scott,2020,27.0,31.6,7.0,.163,0,.305,.326,.197,-0.021,87.1,7.4,36.4,60.5,47.1,16.2,32.4,4.4,R,457,
Bauer, Trevor,2020,65.0,35.3,6.4,.156,10,.231,.241,.140,-0.010,88.5,7.0,29.8,59.0,38.0,24.6,21.1,16.2,R,1061,
Bashlor, Tyler,2020,8.1,15.8,10.5,.344,0,.419,.394,.160,.025,91.8,3.8,22.4,55.3,46.2,15.4,38.5,0.0,R,132,
Fairbanks, Pete,2020,24.2,32.4,12.0,.054,2,.282,.296,.108,-0.014,90.5,5.2,35.8,61.1,48.3,17.2,24.1,10.3,R,458,
Adams, Chance,2020,6.2,18.2,0.0,.243,0,.454,.366,.273,.088,90,7.4,17.5,60.6,25.9,22.2,40.7,11.1,R,149,
Young, Alex,2020,41.1,18.7,7.1,.282,6,.358,.404,.295,-0.046,89.9,13.4,23.7,63.7,35.8,23.1,34.3,6.7,L,714,
Wood, Alex,2020,11.1,22.8,8.8,.204,2,.384,.360,.157,.024,85.9,5.6,28.1,59.6,41.7,25.0,30.6,2.8,L,250,
Wojciechowski, Asher,2020,37.0,18.5,8.9,.288,7,.392,.370,.240,.022,88.3,7.6,25.6,57.7,30.3,25.2,34.5,10.1,R,674,
Wick, Rowan,2020,17.1,27.0,8.1,.132,0,.305,.333,.188,-0.028,90.1,10.4,25.5,56.8,39.6,22.9,29.2,8.3,R,304,
Waguespack, Jacob,2020,17.2,17.8,10.0,.128,0,.385,.349,.141,.036,87.3,4.8,24.7,54.4,41.3,22.2,31.7,4.8,R,397,
Volquez, Edinson,2020,5.2,11.5,7.7,.043,0,.295,.392,.192,-0.097,82.4,5.0,27.9,53.8,45.0,10.0,30.0,15.0,R,108,
Valdez, Phillips,2020,28.2,22.8,11.8,.129,0,.337,.321,.111,.016,83.9,3.7,28.4,48.0,45.7,18.5,29.6,6.2,R,476,
Valdez, Cesar,2020,13.1,24.0,6.0,.087,0,.190,.279,.101,-0.089,88.8,2.9,32.5,68.0,51.4,22.9,22.9,2.9,R,178,
Treinen, Blake,2020,22.2,19.1,7.4,.048,0,.262,.278,.057,-0.016,85.5,0.0,20.9,68.1,68.7,10.4,19.4,1.5,R,344,
Stratton, Chris,2020,26.2,30.4,9.6,.127,0,.272,.295,.159,-0.023,88.9,10.1,35.5,64.3,49.3,21.7,26.1,2.9,R,490,
Stock, Robert,2020,13.1,22.6,16.1,.080,0,.364,.352,.119,.012,92.4,5.3,25.5,53.2,52.6,5.3,34.2,7.9,R,253,
Staumont, Josh,2020,23.0,36.0,16.0,.087,0,.287,.296,.135,-0.009,93.9,6.7,39.6,64.0,28.9,33.3,26.7,11.1,R,421,
Stammen, Craig,2020,20.1,18.4,4.6,.122,0,.291,.282,.102,.009,88.3,3.0,23.8,65.5,65.2,13.6,19.7,1.5,R,321,
Smyly, Drew,2020,16.0,39.1,8.7,.080,3,.249,.357,.212,-0.108,92.9,16.7,36.4,73.9,36.1,16.7,47.2,0.0,L,292,
Sharp, Sterling,2020,5.1,10.3,17.2,.305,0,.437,.478,.314,-0.041,84.1,15.0,12.2,51.7,65.0,10.0,25.0,0.0,R,111,
Selman, Sam,2020,17.0,27.4,12.3,.148,0,.283,.289,.089,-0.006,83.8,4.8,29.0,50.7,33.3,33.3,23.8,9.5,L,328,
Santana, Dennis,2020,17.0,24.7,9.6,.219,0,.333,.361,.211,-0.028,85.3,8.7,28.3,58.9,34.8,15.2,43.5,6.5,R,284,
Ryu, Hyun Jin,2020,60.0,27.5,6.1,.126,11,.281,.287,.120,-0.006,87.5,3.7,27.4,58.3,54.6,14.1,24.5,6.7,L,1032,
Rondon, Hector,2020,19.0,24.4,11.1,.333,0,.393,.365,.248,.028,91.4,14.0,19.9,58.9,35.1,22.8,36.8,5.3,R,359,
Roe, Chaz,2020,9.1,23.1,7.7,.118,0,.330,.307,.084,.023,86.1,0.0,22.1,53.8,26.9,26.9,38.5,7.7,R,159,
Rodriguez, Joely,2020,12.2,32.7,9.6,.065,0,.225,.298,.156,-0.073,88.9,10.0,26.3,75.0,53.3,16.7,26.7,3.3,L,234,
Ramirez, Nick,2020,8.1,24.3,10.8,.193,0,.293,.331,.167,-0.038,82.8,8.7,22.4,62.2,47.8,26.1,26.1,0.0,L,153,
Ramirez, Erasmo,2020,13.1,18.4,8.2,.088,0,.210,.342,.214,-0.132,91.2,8.3,20.8,59.2,38.9,25.0,25.0,11.1,R,170,
Porcello, Rick,2020,56.0,21.1,5.8,.124,11,.324,.362,.195,-0.038,87.4,8.0,15.3,65.7,41.7,18.3,29.1,10.9,R,916,
Poppen, Sean,2020,7.2,28.6,11.4,.097,0,.331,.288,.070,.043,89.3,0.0,30.8,57.1,52.4,14.3,23.8,9.5,R,153,
Perez, Martin,2020,58.0,18.3,11.2,.156,11,.301,.334,.189,-0.033,85.9,7.8,23.8,64.3,41.3,24.6,25.1,9.0,L,951,
Perdomo, Luis,2020,17.1,21.6,13.5,.203,1,.308,.326,.153,-0.018,89,6.3,26.4,68.9,60.4,16.7,20.8,2.1,R,276,
Osich, Josh,2020,18.1,27.9,5.8,.240,1,.348,.322,.164,.026,85.7,7.3,26.5,65.1,54.5,14.5,27.3,3.6,L,304,
Newsome, Ljay,2020,11.1,16.0,2.0,.367,3,.419,.338,.224,.081,89.2,9.8,23.3,68.0,41.5,19.5,26.8,12.2,R,189,
Morton, Charlie,2020,33.0,23.0,6.1,.150,8,.321,.326,.171,-0.005,89.3,7.9,24.4,66.2,40.6,30.7,24.8,4.0,R,567,
Morejon, Adrian,2020,15.2,33.3,3.3,.190,3,.291,.321,.217,-0.030,85.9,10.5,25.4,65.0,50.0,21.1,26.3,2.6,L,247,
Montgomery, Jordan,2020,38.2,22.8,5.3,.170,9,.316,.305,.156,.011,83.7,5.8,27.6,58.5,44.2,15.0,29.2,11.7,L,659,
Montero, Rafael,2020,14.2,27.1,8.5,.173,0,.268,.354,.249,-0.086,89,16.2,25.2,69.5,32.4,18.9,37.8,10.8,R,241,
Misiewicz, Anthony,2020,18.1,30.3,6.6,.158,0,.323,.305,.128,.018,89.9,2.1,32.4,53.9,31.9,23.4,34.0,10.6,L,309,
Mengden, Daniel,2020,12.1,17.2,12.1,.204,1,.367,.329,.155,.038,92.4,5.0,19.6,60.3,40.0,32.5,17.5,10.0,R,231,
Means, John,2020,37.2,21.2,3.8,.242,9,.320,.296,.210,.024,87.9,8.8,26.0,64.1,44.2,24.8,18.6,12.4,L,646,
Mayers, Mike,2020,27.0,36.8,5.7,.071,0,.184,.244,.149,-0.060,89.4,6.7,36.2,62.3,33.3,25.0,31.7,10.0,R,451,
Matzek, Tyler,2020,26.2,33.9,8.0,.079,0,.256,.246,.100,.010,86.6,3.2,27.9,63.4,46.0,20.6,25.4,7.9,L,449,
Marquez, German,2020,74.2,21.0,7.6,.136,12,.297,.334,.148,-0.037,88.8,4.9,26.1,66.3,49.3,15.6,31.1,4.0,R,1138,
Loup, Aaron,2020,24.0,23.9,4.3,.172,0,.267,.321,.181,-0.054,86.3,8.1,20.0,60.9,43.5,16.1,35.5,4.8,L,325,
Lester, Jon,2020,57.1,15.9,5.7,.198,11,.320,.379,.261,-0.059,88.8,12.7,18.1,60.8,47.1,22.8,25.9,4.2,L,929,
Kuhl, Chad,2020,39.1,22.8,14.6,.196,8,.335,.398,.258,-0.063,89.3,13.3,27.6,52.6,42.9,26.7,26.7,3.8,R,691,
Keuchel, Dallas,2020,57.1,16.7,6.4,.060,10,.244,.330,.133,-0.086,86.6,4.4,24.4,55.1,54.4,12.2,28.3,5.0,L,867,
Junis, Jakob,2020,23.1,15.0,5.6,.265,6,.404,.372,.242,.032,89.3,8.4,21.1,57.0,45.8,18.1,32.5,3.6,R,365,
James, Josh,2020,16.1,23.8,21.3,.262,2,.399,.409,.273,-0.010,85,16.7,31.6,56.3,31.0,16.7,42.9,9.5,R,322,
Hughes, Jared,2020,20.2,18.6,12.7,.167,0,.353,.329,.141,.024,84.3,6.2,31.0,60.8,56.9,10.8,23.1,9.2,R,386,
Hudson, Daniel,2020,18.2,31.7,9.8,.296,0,.344,.314,.248,.030,91.5,15.6,31.2,62.2,17.8,37.8,31.1,13.3,R,335,
Hendricks, Kyle,2020,73.2,21.3,2.4,.120,11,.260,.274,.148,-0.014,85.8,4.1,25.1,65.7,47.0,18.4,27.2,7.4,R,1067,
Hand, Brad,2020,18.2,32.9,5.3,.105,0,.242,.264,.177,-0.022,87.5,9.3,23.9,55.3,23.3,34.9,32.6,9.3,L,322,
Guilbeau, Taylor,2020,7.2,8.3,16.7,.100,0,.337,.367,.125,-0.030,89.1,0.0,13.5,41.7,44.4,18.5,29.6,7.4,L,130,
Grimm, Justin,2020,4.2,22.2,14.8,.522,0,.551,.414,.304,.137,90.9,17.6,24.4,51.9,17.6,17.6,47.1,17.6,R,113,
Greene, Shane,2020,24.2,20.4,7.1,.112,0,.282,.298,.152,-0.016,87.2,7.2,21.2,63.3,44.9,13.0,26.1,15.9,R,356,
Gott, Trevor,2020,11.2,14.0,14.0,.542,0,.469,.449,.413,.020,93.7,17.5,24.7,47.4,20.0,37.5,32.5,10.0,R,217,
Gerber, Joey,2020,14.0,10.9,9.1,.106,0,.281,.355,.140,-0.074,89.4,4.7,20.4,56.4,44.2,23.3,30.2,2.3,R,211,
Freeland, Kyle,2020,62.1,16.3,6.8,.136,11,.311,.337,.138,-0.026,86.8,4.5,21.3,56.7,53.3,15.6,26.6,4.5,L,961,
Font, Wilmer,2020,15.2,19.0,10.1,.160,0,.403,.385,.221,.018,89.8,7.3,20.1,51.9,38.2,23.6,30.9,7.3,R,347,
Drake, Oliver,2020,8.1,18.2,12.1,.148,0,.253,.243,.076,.010,84.8,0.0,28.1,63.6,47.8,17.4,17.4,17.4,R,127,
Detwiler, Ross,2020,19.2,18.5,6.2,.134,0,.294,.318,.154,-0.024,88.5,3.3,27.9,55.6,58.3,15.0,16.7,10.0,L,311,
Crick, Kyle,2020,5.2,24.1,13.8,.040,0,.317,.329,.050,-0.012,79.5,0.0,31.8,48.3,33.3,16.7,38.9,11.1,R,115,
Covey, Dylan,2020,10.1,21.4,2.4,.122,0,.307,.320,.146,-0.013,89.6,6.3,22.4,66.7,46.9,15.6,31.3,6.3,R,139,
Cody, Kyle,2020,17.2,23.6,13.9,.080,4,.265,.299,.140,-0.034,88.5,4.4,23.4,65.3,42.2,17.8,24.4,15.6,R,297,
Cishek, Steve,2020,20.0,22.6,9.7,.218,0,.359,.379,.222,-0.020,89.2,11.9,27.2,59.1,32.2,28.8,33.9,5.1,R,374,
Chapman, Aroldis,2020,9.2,46.2,10.3,.265,0,.304,.301,.198,.003,83.1,12.5,38.6,61.5,25.0,31.3,37.5,6.3,L,177,
Bumgarner, Madison,2020,36.2,15.2,7.6,.329,8,.403,.436,.357,-0.033,90.2,15.7,18.4,68.4,30.7,28.3,33.1,7.9,L,644,
Boxberger, Brad,2020,17.0,24.7,8.2,.169,0,.299,.334,.199,-0.035,88.3,8.3,24.3,58.9,50.0,22.9,20.8,6.3,R,329,
Arrieta, Jake,2020,44.1,16.8,8.4,.158,9,.346,.378,.186,-0.032,88.9,7.8,19.0,60.0,51.8,12.8,31.9,3.5,R,729,
Anderson, Tyler,2020,53.2,15.8,9.0,.151,10,.319,.336,.160,-0.017,86.6,5.2,24.4,66.2,30.8,22.7,34.9,11.6,L,856,
Alzolay, Adbert,2020,12.1,25.9,16.7,.072,3,.276,.323,.084,-0.047,88,3.3,22.5,53.7,46.7,10.0,36.7,6.7,R,242,
Alvarado, Jose,2020,9.0,28.9,13.3,.222,0,.361,.400,.239,-0.039,87.1,16.7,28.0,64.4,41.7,16.7,33.3,8.3,L,194,
Altavilla, Dan,2020,16.2,27.6,13.2,.242,0,.360,.373,.251,-0.013,90.2,11.1,33.6,57.9,33.3,20.0,40.0,6.7,R,309,
Grace, Matt,2020,1.0,20.0,20.0,.500,0,.715,.444,.365,.271,92.1,33.3,31.6,80.0,50.0,16.7,16.7,16.7,,,
Santos, Antonio,2020,5.1,12.0,8.0,.364,0,.508,.526,.401,-0.018,96.8,21.1,13.0,64.0,36.8,10.5,52.6,0.0,,,
Gaviglio, Sam,2020,3.0,5.9,29.4,.182,0,.395,.446,.183,-0.051,95.8,9.1,5.3,47.1,9.1,45.5,45.5,0.0,,,
Suarez, Jose,2020,2.1,8.7,21.7,.294,2,.636,.625,.409,.011,91.2,20.0,32.4,60.9,46.7,6.7,46.7,0.0,,,
Mujica, Jose,2020,2.2,5.9,11.8,.534,0,.657,.550,.351,.107,93.4,7.1,12.5,52.9,42.9,21.4,35.7,0.0,,,
Carroll, Cody,2020,2.0,14.3,23.8,.214,0,.621,.441,.233,.180,96.5,0.0,14.7,57.1,33.3,16.7,50.0,0.0,,,
Coulombe, Danny,2020,2.2,23.1,23.1,.000,0,.293,.376,.114,-0.083,88.6,0.0,15.8,53.8,28.6,28.6,42.9,0.0,,,
Montgomery, Mike,2020,2.0,8.3,0.0,.454,1,.507,.535,.381,-0.028,91.5,9.1,10.0,33.3,54.5,0.0,45.5,0.0,,,
Garcia, Edgar,2020,3.1,6.3,25.0,.500,0,.469,.502,.468,-0.033,91.4,18.2,19.2,43.8,27.3,36.4,27.3,9.1,,,
Topa, Justin,2020,4.1,27.8,0.0,.222,0,.320,.268,.202,.052,86.8,15.4,20.0,55.6,61.5,23.1,15.4,0.0,,,
Abreu, Bryan,2020,3.1,15.0,35.0,.091,0,.374,.400,.039,-0.026,85.8,0.0,23.5,30.0,37.5,37.5,25.0,0.0,,,
Palumbo, Joe,2020,2.1,35.7,21.4,.272,0,.411,.282,.078,.129,85,0.0,42.9,64.3,33.3,33.3,33.3,0.0,,,
Eibner, Brett,2020,1.1,10.0,40.0,.500,0,.542,.544,.469,-0.002,90.1,20.0,15.4,40.0,40.0,0.0,60.0,0.0,,,
Ohtani, Shohei,2020,1.2,18.8,50.0,.000,2,.508,.478,.124,.030,97.6,0.0,24.0,50.0,40.0,0.0,40.0,20.0,,,
Strasburg, Stephen,2020,5.0,8.7,4.3,.181,2,.394,.336,.127,.058,90.7,0.0,26.3,69.6,40.0,25.0,25.0,10.0,,,
Rodriguez, Dereck,2020,4.0,8.3,12.5,.381,0,.567,.555,.476,.012,90,15.8,7.1,50.0,10.5,26.3,57.9,5.3,,,
Miller, Tyson,2020,5.0,0.0,15.0,.250,1,.261,.507,.393,-0.246,90,11.8,13.2,55.0,58.8,11.8,29.4,0.0,,,
Cederlind, Blake,2020,2.0,20.0,10.0,.111,0,.365,.401,.167,-0.036,93.7,14.3,31.6,60.0,57.1,14.3,28.6,0.0,,,
Meisinger, Ryan,2020,2.2,23.1,30.8,.000,0,.335,.437,.186,-0.102,84.2,20.0,19.0,30.8,60.0,0.0,40.0,0.0,,,
Giles, Ken,2020,3.2,31.6,21.1,.466,0,.447,.442,.361,.005,98.3,22.2,54.5,72.2,44.4,22.2,33.3,0.0,,,
Espinal, Santiago,2020,2.0,0.0,9.1,.445,0,.494,.455,.474,.039,93.2,11.1,0.0,63.6,11.1,44.4,22.2,22.2,,,
Foltynewicz, Mike,2020,3.1,18.8,25.0,.750,1,.591,.441,.489,.150,85.1,33.3,14.3,50.0,44.4,33.3,11.1,11.1,,,
Strickland, Hunter,2020,3.1,25.0,6.3,.134,0,.358,.293,.069,.065,80.7,0.0,25.0,56.3,72.7,0.0,27.3,0.0,,,
Fernandez, Junior,2020,3.0,12.5,12.5,.357,0,.523,.510,.356,.013,90.8,16.7,20.0,68.8,33.3,16.7,41.7,8.3,,,
Devenski, Chris,2020,3.2,23.8,14.3,.278,0,.473,.346,.124,.127,89.9,7.7,30.0,57.1,46.2,7.7,30.8,15.4,,,
Romero, Seth,2020,2.2,27.8,16.7,.200,0,.416,.324,.148,.092,77.3,10.0,36.4,61.1,50.0,20.0,30.0,0.0,,,
Chacin, Jhoulys,2020,5.0,12.5,12.5,.190,0,.363,.342,.110,.021,84.4,0.0,0.0,54.2,16.7,22.2,55.6,5.6,,,
Mantiply, Joe,2020,2.1,13.3,26.7,.091,0,.381,.424,.109,-0.043,94.4,0.0,26.1,86.7,44.4,22.2,33.3,0.0,,,
Kelley, Trevor,2020,3.1,26.3,5.3,.389,0,.534,.435,.309,.099,87.8,7.7,18.2,63.2,30.8,23.1,38.5,7.7,,,
Zimmermann, Jordan,2020,4.2,16.7,8.3,.090,1,.449,.401,.129,.048,86.8,5.6,18.2,75.0,44.4,0.0,55.6,0.0,,,
Gilmartin, Sean,2020,4.1,20.8,16.7,.300,0,.458,.382,.259,.076,89.9,13.3,31.4,62.5,40.0,40.0,13.3,6.7,,,
Hamels, Cole,2020,3.1,14.3,7.1,.167,1,.285,.422,.264,-0.137,88.9,18.2,28.0,64.3,36.4,9.1,36.4,18.2,,,
Yajure, Miguel,2020,5.0,20.0,15.0,.188,0,.280,.420,.303,-0.140,95.8,16.7,24.4,45.0,33.3,41.7,25.0,0.0,,,
Tapia, Domingo,2020,3.0,21.4,14.3,.250,0,.361,.242,.109,.119,89.3,0.0,25.0,64.3,44.4,44.4,11.1,0.0,,,
Medina, Adonis,2020,4.0,22.2,16.7,.067,1,.279,.222,.012,.057,73.5,0.0,29.7,55.6,81.8,0.0,9.1,9.1,,,
Quezada, Johan,2020,3.0,16.7,8.3,.272,0,.437,.454,.247,-0.017,86.1,11.1,16.7,66.7,55.6,11.1,33.3,0.0,,,
Abreu, Albert,2020,1.1,18.2,18.2,.375,0,.604,.653,.576,-0.049,96.3,33.3,33.3,63.6,33.3,33.3,33.3,0.0,,,
Brennan, Brandon,2020,5.1,17.4,13.0,.200,0,.341,.427,.289,-0.086,93.3,12.5,29.7,52.2,50.0,12.5,31.3,6.3,,,
Burdi, Nick,2020,2.1,40.0,20.0,.000,0,.312,.337,.261,-0.025,82.9,25.0,35.0,50.0,25.0,50.0,25.0,0.0,,,
Irvin, Cole,2020,3.2,18.2,4.5,.286,0,.561,.390,.220,.171,90.4,5.9,14.0,77.3,35.3,11.8,41.2,11.8,,,
Strop, Pedro,2020,2.1,20.0,40.0,.000,0,.309,.291,.009,.018,79.4,0.0,36.4,50.0,50.0,33.3,0.0,16.7,,,
Peacock, Brad,2020,2.1,25.0,8.3,.100,0,.364,.374,.169,-0.010,89.4,0.0,22.7,66.7,28.6,42.9,14.3,14.3,,,
Zimmermann, Bruce,2020,3.0,13.3,6.7,.500,1,.517,.513,.457,.004,95.7,20.0,10.5,53.3,40.0,30.0,30.0,0.0,,,
Baez, Michel,2020,4.2,30.4,8.7,.096,1,.355,.360,.196,-0.005,92.1,7.1,26.1,65.2,35.7,28.6,35.7,0.0,,,
Schmidt, Clarke,2020,2.1,21.4,21.4,.100,0,.410,.388,.209,.022,86.5,14.3,32.0,50.0,14.3,28.6,28.6,28.6,,,
Morin, Mike,2020,4.0,16.7,8.3,.091,0,.159,.291,.146,-0.132,93.2,11.1,15.8,66.7,22.2,33.3,33.3,11.1,,,
Llovera, Mauricio,2020,1.0,10.0,10.0,.250,0,.645,.507,.137,.138,93.4,0.0,10.5,30.0,42.9,14.3,42.9,0.0,,,
Frankoff, Seth,2020,2.2,0.0,12.5,.142,0,.456,.306,.100,.150,81.2,0.0,10.8,37.5,28.6,42.9,14.3,14.3,,,
Ruiz, Jose,2020,4.0,38.5,0.0,.000,0,.067,.118,.043,-0.051,85.3,0.0,24.0,61.5,37.5,50.0,12.5,0.0,,,
Payamps, Joel,2020,3.0,15.4,23.1,.100,0,.320,.549,.373,-0.229,100.3,25.0,23.5,23.1,12.5,25.0,62.5,0.0,,,
Quijada, Jose,2020,3.2,30.0,10.0,.188,0,.419,.376,.204,.043,87.6,9.1,33.3,75.0,36.4,27.3,36.4,0.0,,,
Brothers, Rex,2020,3.1,53.3,20.0,.500,0,.397,.309,.219,.088,99.3,25.0,50.0,33.3,25.0,50.0,25.0,0.0,,,
White, Mitch,2020,3.0,18.2,9.1,.000,0,.142,.210,.070,-0.068,83.1,0.0,22.7,45.5,12.5,37.5,12.5,37.5,,,
Rosario, Randy,2020,3.1,19.0,14.3,.250,0,.490,.468,.243,.022,91.3,7.7,18.2,66.7,53.8,23.1,23.1,0.0,,,
Rios, Yacksel,2020,4.0,17.6,11.8,.072,0,.297,.312,.050,-0.015,81.5,0.0,34.6,47.1,54.5,9.1,27.3,9.1,,,
Perez, Hector,2020,1.2,10.0,30.0,.428,0,.575,.526,.409,.049,86.4,16.7,33.3,60.0,66.7,0.0,33.3,0.0,,,
Bolanos, Ronald,2020,3.2,9.5,14.3,.353,2,.566,.525,.374,.041,92.4,13.3,15.6,42.9,53.3,13.3,33.3,0.0,,,
Nicasio, Juan,2020,1.1,9.1,18.2,.555,0,.681,.514,.387,.167,81.5,12.5,17.6,54.5,25.0,25.0,37.5,12.5,,,
Arcia, Orlando,2020,2.0,0.0,9.1,.445,0,.508,.493,.375,.015,90.7,10.0,7.1,72.7,20.0,40.0,40.0,0.0,,,
Venditte, Pat,2020,4.1,33.3,0.0,.154,0,.198,.254,.090,-0.056,82.7,0.0,43.5,66.7,25.0,25.0,25.0,25.0,,,
Perdomo, Angel,2020,2.2,26.3,36.8,.182,0,.454,.391,.142,.063,86.3,16.7,36.4,31.6,83.3,0.0,16.7,0.0,,,
Verlander, Justin,2020,6.0,33.3,4.8,.300,1,.259,.270,.254,-0.011,90.4,15.4,25.7,61.9,61.5,30.8,7.7,0.0,,,
McRae, Alex,2020,3.0,20.0,0.0,.000,0,.087,.225,.086,-0.138,89.2,0.0,18.8,60.0,12.5,50.0,37.5,0.0,,,
Hamilton, Ian,2020,4.0,20.0,25.0,.000,0,.347,.419,.085,-0.072,89.3,0.0,36.4,60.0,27.3,18.2,54.5,0.0,,,
Rusin, Chris,2020,3.1,17.6,17.6,.285,0,.512,.497,.350,.015,94.4,18.2,12.0,64.7,36.4,18.2,36.4,9.1,,,
Goudeau, Ashton,2020,4.2,0.0,8.0,.455,0,.580,.557,.445,.023,93,17.4,12.8,56.0,47.8,8.7,43.5,0.0,,,
Anderson, Drew,2020,1.1,20.0,20.0,.875,0,.735,.579,.544,.156,88.2,33.3,13.6,40.0,0.0,33.3,50.0,16.7,,,
Sobotka, Chad,2020,3.2,10.0,10.0,.167,0,.382,.463,.388,-0.081,95,18.8,12.1,50.0,18.8,25.0,50.0,6.3,,,
Bailey, Brandon,2020,7.1,13.3,10.0,.192,0,.326,.325,.156,.001,86.1,4.5,23.4,53.3,31.8,18.2,27.3,22.7,,,
Kela, Keone,2020,2.0,30.0,10.0,.334,0,.437,.208,.033,.229,97,0.0,26.9,100.0,50.0,50.0,0.0,0.0,,,
Bourque, James,2020,4.0,5.3,26.3,.357,0,.412,.555,.492,-0.143,94.8,23.1,17.2,57.9,23.1,23.1,53.8,0.0,,,
Feliz, Michael,2020,1.2,16.7,16.7,.334,0,.554,.478,.214,.076,92.5,0.0,27.8,83.3,28.6,14.3,42.9,14.3,,,
Jefferies, Daulton,2020,2.0,7.7,15.4,.545,1,.605,.433,.393,.172,91.7,10.0,23.1,69.2,40.0,10.0,30.0,20.0,,,
De Jong, Chase,2020,3.2,15.8,10.5,.188,1,.404,.407,.254,-0.003,91.2,7.1,25.0,63.2,21.4,35.7,28.6,14.3,,,
Leclerc, Jose,2020,2.0,30.0,20.0,.125,0,.347,.357,.158,-0.010,92.9,0.0,43.8,30.0,0.0,0.0,60.0,40.0,,,
Lewicki, Artie,2020,3.1,27.8,5.6,.294,0,.469,.262,.177,.207,92.7,8.3,33.3,77.8,16.7,16.7,66.7,0.0,,,
McClain, Reggie,2020,5.1,6.9,10.3,.200,0,.402,.330,.083,.072,86.5,0.0,18.8,58.6,50.0,16.7,20.8,12.5,,,
Davidson, Matt,2020,3.1,6.7,13.3,.230,0,.395,.588,.559,-0.193,93.2,25.0,0.0,73.3,25.0,8.3,58.3,8.3,,,
Harvey, Joe,2020,3.1,14.3,0.0,.077,0,.263,.352,.245,-0.089,91.7,9.1,29.6,64.3,36.4,27.3,36.4,0.0,,,
Sanabria, Carlos,2020,2.0,16.7,25.0,.445,0,.508,.576,.639,-0.068,96.3,28.6,25.0,58.3,14.3,28.6,42.9,14.3,,,
Sborz, Josh,2020,4.1,12.5,6.3,.267,0,.240,.369,.312,-0.129,92.9,7.7,20.7,81.3,38.5,38.5,23.1,0.0,,,
Kuhnel, Joel,2020,3.0,23.1,0.0,.461,0,.432,.330,.460,.102,88.3,20.0,15.8,69.2,30.0,40.0,30.0,0.0,,,
Flores Jr., Bernardo,2020,2.0,20.0,0.0,.100,0,.383,.353,.038,.030,75.3,0.0,20.0,90.0,62.5,12.5,25.0,0.0,,,
Wahl, Bobby,2020,2.1,9.1,0.0,.700,0,.597,.536,.573,.061,95.6,20.0,29.4,36.4,20.0,30.0,40.0,10.0,,,
Jurado, Ariel,2020,4.0,9.5,0.0,.250,1,.480,.478,.373,.002,91.6,15.8,22.0,42.9,42.1,10.5,31.6,15.8,,,
Murphy, Patrick,2020,3.0,30.8,7.7,.083,0,.281,.300,.140,-0.019,92.3,0.0,20.0,61.5,50.0,25.0,25.0,0.0,,,
Bailey, Homer,2020,5.0,20.0,10.0,.222,1,.314,.323,.192,-0.009,87.9,7.1,23.5,55.0,35.7,21.4,35.7,7.1,,,
Keller, Kyle,2020,2.1,7.7,15.4,.000,0,.307,.328,.091,-0.021,82,0.0,7.1,38.5,40.0,30.0,20.0,10.0,,,
Rodon, Carlos,2020,5.2,19.2,11.5,.305,2,.408,.416,.271,-0.008,89.6,11.1,26.7,73.1,33.3,11.1,38.9,16.7,,,
Edwards Jr., Carl,2020,4.2,35.3,5.9,.188,0,.202,.178,.049,.024,91.6,0.0,41.7,41.2,60.0,20.0,10.0,10.0,,,
Smith, Josh D.,2020,1.2,40.0,10.0,.571,0,.529,.328,.155,.201,76.6,0.0,30.8,60.0,33.3,33.3,33.3,0.0,,,
Yacabonis, Jimmy,2020,2.1,7.7,23.1,.000,1,.348,.490,.231,-0.142,88.3,12.5,15.8,53.8,25.0,25.0,37.5,12.5,,,
Sparkman, Glenn,2020,5.0,7.4,3.7,.080,0,.341,.328,.214,.013,89.7,8.3,22.4,59.3,45.8,20.8,16.7,16.7,,,
Suarez, Ranger,2020,4.0,3.8,15.4,.238,0,.536,.415,.202,.121,85.5,5.0,21.4,46.2,45.0,20.0,25.0,10.0,,,
Kaminsky, Rob,2020,4.2,14.3,9.5,.000,0,.200,.290,.076,-0.090,90.3,0.0,17.1,57.1,60.0,13.3,26.7,0.0,,,
Osuna, Roberto,2020,4.1,18.8,0.0,.125,0,.204,.342,.075,-0.138,83.7,0.0,28.6,68.8,61.5,0.0,30.8,7.7,,,
Herrera, Kelvin,2020,2.1,27.3,9.1,.600,0,.495,.384,.332,.111,91.6,14.3,37.5,54.5,14.3,28.6,42.9,14.3,,,
Bard, Luke,2020,3.0,21.4,0.0,.357,0,.434,.412,.479,.022,92.4,27.3,25.0,71.4,18.2,27.3,27.3,27.3,,,
Waddell, Brandon,2020,3.1,14.3,14.3,.166,0,.272,.325,.178,-0.053,81.5,0.0,18.8,50.0,40.0,0.0,30.0,30.0,,,