Season,Name,Tm,PA,GB/FB,LD%,GB%,FB%,IFFB%,HR/FB,IFH%,BUH%,Pull%,Cent%,Oppo%,Soft%,Med%,Hard%,playerId
2020,"Todd Frazier","2 Tms",34,0.818181818,0.2,0.36,0.44,0.454545454,0.09090909,0.111111111,0,0.44,0.4,0.16,0.36,0.28,0.36,785
2020,"Albert Pujols","LAA",33,1.125,0.260869565,0.391304347,0.347826086,0.375,0.125,0,0,0.5652,0.2174,0.2174,0.2174,0.3913,0.3913,1177
2020,"Wilson Ramos","NYM",45,1.153846153,0.176470588,0.44117647,0.382352941,0.307692307,0.076923076,0.066666666,0,0.3529,0.4118,0.2353,0.2353,0.3824,0.3824,1433
2020,"Miguel Cabrera","DET",60,1.7,0.25,0.472222222,0.277777777,0.2,0.1,0,0,0.3056,0.4167,0.2778,0.1944,0.3889,0.4167,1744
2020,"David Peralta","ARI",58,1.428571428,0.227272727,0.454545454,0.318181818,0.071428571,0,0.05,0,0.3864,0.3182,0.2955,0.1818,0.5,0.3182,2136
2020,"Edwin Encarnacion","CHW",46,0.636363636,0.28,0.28,0.44,0.181818181,0,0.428571428,0,0.4,0.52,0.08,0.16,0.56,0.28,2151
2020,"Carlos Santana","CLE",75,0.944444444,0.204545454,0.386363636,0.409090909,0.166666666,0.111111111,0.058823529,0,0.4545,0.2955,0.25,0.1818,0.3409,0.4773,2396
2020,"Nelson Cruz","MIN",56,1.5,0.137931034,0.517241379,0.344827586,0.1,0.4,0.066666666,0,0.4828,0.2069,0.3103,0.1724,0.3448,0.4828,2434
2020,"Roberto Perez","CLE",20,1.5,0.166666666,0.5,0.333333333,0,0.25,0,0,0.4167,0.3333,0.25,0.3333,0.4167,0.25,2900
2020,"Tommy Pham","SDP",40,4,0.130434782,0.695652173,0.173913043,0,0.25,0.125,0,0.4348,0.4348,0.1304,0.1304,0.3043,0.5652,2967
2020,"Mitch Moreland","2 Tms",42,0.916666666,0.148148148,0.407407407,0.444444444,0.166666666,0.25,0,0,0.4074,0.3333,0.2593,0.1481,0.4815,0.3704,3086
2020,"Shin-Soo Choo","TEX",37,0.888888888,0.19047619,0.38095238,0.428571428,0.111111111,0.444444444,0,0,0.5,0.2727,0.2273,0.1364,0.5455,0.3182,3174
2020,"Robinson Cano","NYM",46,1.4,0.333333333,0.388888888,0.277777777,0,0.5,0.142857142,0,0.5,0.2778,0.2222,0.1389,0.3611,0.5,3269
2020,"Matt Joyce","MIA",45,2,0.318181818,0.454545454,0.227272727,0.2,0.2,0.5,0,0.4091,0.4091,0.1818,0.2727,0.5,0.2273,3353
2020,"Ryan Braun","MIL",35,1.142857142,0.4,0.32,0.28,0.142857142,0,0,1,0.3846,0.3846,0.2308,0.0769,0.3846,0.5385,3410
2020,"Anthony Rizzo","CHC",60,1.125,0.244444444,0.4,0.355555555,0.25,0.3125,0,0,0.4889,0.2889,0.2222,0.1778,0.4222,0.4,3473
2020,"Eric Hosmer","SDP",47,1.071428571,0.171428571,0.428571428,0.4,0.071428571,0.285714285,0,0,0.4571,0.3429,0.2,0.0857,0.5714,0.3429,3516
2020,"Eric Thames","WSN",43,1,0.225806451,0.387096774,0.387096774,0.166666666,0.166666666,0,0,0.3871,0.3226,0.2903,0.2258,0.2903,0.4839,3711
2020,"Josh Reddick","HOU",45,0.666666666,0.310344827,0.275862068,0.413793103,0,0.083333333,0,0,0.4828,0.3103,0.2069,0.1034,0.5172,0.3793,3892
2020,"Dexter Fowler","STL",25,0.571428571,0.3125,0.25,0.4375,0,0.142857142,0.25,0,0.3125,0.375,0.3125,0.1875,0.5,0.3125,4062
2020,"Michael Brantley","HOU",35,1.222222222,0.166666666,0.458333333,0.375,0,0,0.09090909,0,0.375,0.3333,0.2917,0.0833,0.4583,0.4583,4106
2020,"Howie Kendrick","WSN",34,1.5,0.423076923,0.346153846,0.23076923,0.166666666,0,0.111111111,0,0.3846,0.3846,0.2308,0.2308,0.2692,0.5,4229
2020,"Joey Votto","CIN",42,0.733333333,0.1875,0.34375,0.46875,0,0,0.09090909,0,0.5,0.2813,0.2188,0,0.6563,0.3438,4314
2020,"Daniel Murphy","COL",39,0.428571428,0.259259259,0.222222222,0.518518518,0.142857142,0.071428571,0,0,0.3333,0.2963,0.3704,0.0741,0.5556,0.3704,4316
2020,"Jarrod Dyson","2 Tms",22,2,0.210526315,0.526315789,0.263157894,0,0,0,0,0.4211,0.4737,0.1053,0.3158,0.3684,0.3158,4866
2020,"Mike Moustakas","CIN",35,0.444444444,0.35,0.2,0.45,0.222222222,0,0,0,0.25,0.55,0.2,0.2,0.45,0.35,4892
2020,"Ender Inciarte","ATL",44,1.133333333,0.157894736,0.447368421,0.394736842,0.133333333,0,0.235294117,0,0.5526,0.2368,0.2105,0.3421,0.4737,0.1842,4922
2020,"Jason Heyward","CHC",48,1.111111111,0.366666666,0.333333333,0.3,0.222222222,0.444444444,0.1,0,0.5,0.2667,0.2333,0.1333,0.3667,0.5,4940
2020,"Giancarlo Stanton","NYY",31,1,0.333333333,0.333333333,0.333333333,0.5,0.333333333,0,0,0.5556,0.2778,0.1667,0.3333,0.2222,0.4444,4949
2020,"Asdrubal Cabrera","WSN",68,1.583333333,0.205128205,0.487179487,0.307692307,0.166666666,0,0.052631578,0,0.5641,0.359,0.0769,0.1795,0.4103,0.4103,4962
2020,"Stephen Vogt","ARI",29,0.666666666,0.047619047,0.38095238,0.571428571,0.25,0.083333333,0,0,0.619,0.2381,0.1429,0.1429,0.5714,0.2857,5000
2020,"Alex Gordon","KCR",56,0.764705882,0.25,0.325,0.425,0.058823529,0.117647058,0.076923076,1,0.3902,0.439,0.1707,0.1707,0.5122,0.3171,5209
2020,"Justin Upton","LAA",23,1.333333333,0.066666666,0.533333333,0.4,0.166666666,0,0,0,0.4,0.4667,0.1333,0.2,0.6,0.2,5222
2020,"Justin Turner","LAD",47,0.705882352,0.194444444,0.333333333,0.472222222,0,0,0.083333333,0,0.2778,0.3611,0.3611,0.1389,0.3056,0.5556,5235
2020,"Robbie Grossman","OAK",52,0.846153846,0.25,0.34375,0.40625,0,0.153846153,0.09090909,0,0.4688,0.3125,0.2188,0.0625,0.5,0.4375,5254
2020,"Sandy Leon","CLE",37,1.2,0.3125,0.375,0.3125,0.2,0.2,0,0,0.5556,0.2222,0.2222,0.0556,0.6111,0.3333,5273
2020,"Francisco Cervelli","MIA",26,1.142857142,0.117647058,0.470588235,0.411764705,0,0.285714285,0.25,0,0.5882,0.2353,0.1765,0.1176,0.6471,0.2353,5275
2020,"Aaron Hicks","NYY",43,2.5,0.222222222,0.555555555,0.222222222,0.333333333,0.166666666,0,0,0.6667,0.2222,0.1111,0.1852,0.4074,0.4074,5297
2020,"Brandon Crawford","SFG",59,1.2,0.266666666,0.4,0.333333333,0.133333333,0.133333333,0.111111111,0,0.4889,0.4444,0.0667,0.1111,0.5111,0.3778,5343
2020,"Freddie Freeman","ATL",64,1,0.285714285,0.357142857,0.357142857,0.066666666,0.066666666,0.133333333,0,0.4286,0.3333,0.2381,0.0476,0.5714,0.381,5361
2020,"Pablo Sandoval","SFG",46,2.111111111,0.222222222,0.527777777,0.25,0,0.111111111,0.157894736,0,0.3333,0.4444,0.2222,0.0833,0.3611,0.5556,5409
2020,"Jose Altuve","HOU",57,1.785714285,0.1875,0.520833333,0.291666666,0,0.071428571,0.12,0,0.3878,0.3469,0.2653,0.1633,0.4694,0.3673,5417
2020,"Ji-Man Choi","TBR",59,1.076923076,0.289473684,0.368421052,0.342105263,0.23076923,0.153846153,0,0,0.5263,0.3684,0.1053,0.1579,0.3684,0.4737,5452
2020,"Austin Romine","DET",36,2.4,0.19047619,0.571428571,0.238095238,0.2,0.2,0,0,0.3333,0.3333,0.3333,0.2857,0.2857,0.4286,5491
2020,"Marwin Gonzalez","MIN",52,1.272727272,0.264705882,0.411764705,0.323529411,0,0.181818181,0,1,0.3714,0.3429,0.2857,0.1143,0.5714,0.3143,5497
2020,"Avisail Garcia","MIL",47,1.75,0.24137931,0.48275862,0.275862068,0.25,0,0,0,0.3448,0.3103,0.3448,0.3448,0.3448,0.3103,5760
2020,"Wilmer Flores","SFG",53,0.722222222,0.279069767,0.302325581,0.418604651,0,0.166666666,0.076923076,0,0.5349,0.2326,0.2326,0.1163,0.5116,0.3721,5827
2020,"Leury Garcia","CHW",28,6.333333333,0.153846153,0.73076923,0.115384615,0,0,0.105263157,0,0.5385,0.2692,0.1923,0.1154,0.6154,0.2692,5913
2020,"Nick Markakis","ATL",47,1.875,0.303030303,0.454545454,0.242424242,0,0,0,0,0.3939,0.3333,0.2727,0.1515,0.4545,0.3939,5930
2020,"Jean Segura","PHI",29,1.8,0.263157894,0.47368421,0.263157894,0,0,0.111111111,0,0.2632,0.4211,0.3158,0.1053,0.4211,0.4737,5933
2020,"Didi Gregorius","PHI",36,0.769230769,0.233333333,0.333333333,0.433333333,0.23076923,0.076923076,0.1,1,0.4194,0.1613,0.4194,0.2258,0.3548,0.4194,6012
2020,"Eduardo Escobar","ARI",56,1.076923076,0.289473684,0.368421052,0.342105263,0.153846153,0,0,0,0.2895,0.3947,0.3158,0.1579,0.4737,0.3684,6153
2020,"J.D. Martinez","BOS",46,0.533333333,0.148148148,0.296296296,0.555555555,0.066666666,0,0,0,0.2593,0.4815,0.2593,0.0741,0.4815,0.4444,6184
2020,"Freddy Galvis","CIN",39,1.272727272,0.074074074,0.518518518,0.407407407,0.09090909,0.09090909,0,0,0.3929,0.5,0.1071,0.25,0.4643,0.2857,6609
2020,"Martin Maldonado","HOU",40,0.75,0.333333333,0.285714285,0.38095238,0.125,0.125,0.166666666,0,0.619,0.2857,0.0952,0.1429,0.3333,0.5238,6887
2020,"Yadier Molina","STL",27,0.6,0.238095238,0.285714285,0.476190476,0,0.1,0.166666666,0,0.5909,0.2727,0.1364,0.0909,0.5909,0.3182,7007
2020,"Salvador Perez","KCR",51,1.133333333,0.2,0.425,0.375,0.066666666,0.2,0.117647058,0,0.425,0.475,0.1,0.125,0.3,0.575,7304
2020,"Alex Avila","MIN",21,1,0.8,0.2,0,0,0,0,0,0.4,0.6,0,0,0.2,0.8,7476
2020,"Travis d'Arnaud","ATL",38,1.428571428,0.32,0.4,0.28,0,0.285714285,0,0,0.44,0.4,0.16,0,0.48,0.52,7739
2020,"Miguel Rojas","MIA",37,0.636363636,0.217391304,0.304347826,0.478260869,0.09090909,0.09090909,0,0,0.3478,0.3043,0.3478,0.1304,0.4348,0.4348,7802
2020,"Charlie Blackmon","COL",48,0.470588235,0.21875,0.25,0.53125,0.058823529,0.176470588,0,1,0.5455,0.1515,0.303,0.0909,0.5455,0.3636,7859
2020,"Eric Sogard","MIL",45,3.2,0.34375,0.5,0.15625,0,0,0,0,0.3125,0.4063,0.2813,0.0938,0.75,0.1563,7927
2020,"Matt Carpenter","STL",45,0.888888888,0.291666666,0.333333333,0.375,0,0.222222222,0,0,0.5,0.4583,0.0417,0,0.5,0.5,8090
2020,"Dee Strange-Gordon","SEA",29,1.6,0.315789473,0.421052631,0.263157894,0.6,0,0.125,1,0.2,0.5,0.3,0.4,0.5,0.1,8203
2020,"Kurt Suzuki","WSN",43,0.75,0.25,0.321428571,0.428571428,0.166666666,0.083333333,0.111111111,0,0.5,0.3214,0.1786,0.0714,0.6071,0.3214,8259
2020,"Ehire Adrianza","MIN",23,0.625,0.1875,0.3125,0.5,0.125,0,0,0,0.1875,0.5,0.3125,0.1875,0.375,0.4375,8418
2020,"Donovan Solano","SFG",52,1.545454545,0.243243243,0.459459459,0.297297297,0,0,0.176470588,0,0.4054,0.4054,0.1892,0.1622,0.3243,0.5135,8623
2020,"Elvis Andrus","TEX",34,1,0.037037037,0.481481481,0.481481481,0.153846153,0.076923076,0.076923076,0,0.2963,0.3704,0.3333,0.3333,0.3704,0.2963,8709
2020,"Jason Castro","2 Tms",32,0.23076923,0.157894736,0.157894736,0.684210526,0,0.076923076,0,0,0.3158,0.3158,0.3684,0.0526,0.5789,0.3684,8722
2020,"Justin Smoak","MIL",52,0.769230769,0.233333333,0.333333333,0.433333333,0.076923076,0.307692307,0.1,0,0.5333,0.2333,0.2333,0.0667,0.4333,0.5,9054
2020,"Paul Goldschmidt","STL",46,0.5,0.357142857,0.214285714,0.428571428,0.083333333,0.083333333,0.166666666,0,0.2143,0.5,0.2857,0.1786,0.4643,0.3571,9218
2020,"Starling Marte","2 Tms",49,2.333333333,0.166666666,0.583333333,0.25,0,0.222222222,0.142857142,0,0.4167,0.3333,0.25,0.1389,0.4722,0.3889,9241
2020,"AJ Pollock","LAD",45,0.857142857,0.1875,0.375,0.4375,0.142857142,0.142857142,0.25,0,0.3125,0.3438,0.3438,0.2813,0.5,0.2188,9256
2020,"Chris Davis","BAL",30,1.25,0.217391304,0.434782608,0.347826086,0,0,0.1,0,0.4783,0.3478,0.1739,0.1739,0.3913,0.4348,9272
2020,"Brock Holt","2 Tms",31,4.333333333,0.157894736,0.684210526,0.157894736,0,0,0,0,0.4211,0.4737,0.1053,0.1579,0.6842,0.1579,9345
2020,"Evan Longoria","SFG",55,1.4,0.142857142,0.5,0.357142857,0.066666666,0.066666666,0.047619047,0,0.4286,0.381,0.1905,0.1905,0.381,0.4286,9368
2020,"Yan Gomes","WSN",26,0.416666666,0.260869565,0.217391304,0.52173913,0,0.083333333,0,0,0.2609,0.4348,0.3043,0.0435,0.4783,0.4783,9627
2020,"Christian Vazquez","BOS",50,1.7,0.228571428,0.485714285,0.285714285,0.3,0.1,0,0,0.3714,0.3714,0.2571,0.3143,0.4,0.2857,9774
2020,"Jason Kipnis","CHC",39,0.888888888,0.15,0.4,0.45,0,0,0.25,0,0.4,0.25,0.35,0.2,0.5,0.3,9776
2020,"Nolan Arenado","COL",51,0.947368421,0.026315789,0.47368421,0.5,0.157894736,0,0.055555555,0,0.4211,0.2895,0.2895,0.2632,0.5789,0.1579,9777
2020,"Kyle Seager","SEA",74,0.814814814,0.169491525,0.372881355,0.457627118,0,0.111111111,0.045454545,0,0.339,0.3898,0.2712,0.0847,0.4407,0.4746,9785
2020,"Andrew McCutchen","PHI",45,0.923076923,0.242424242,0.363636363,0.393939393,0,0,0.083333333,0,0.3333,0.4545,0.2121,0.1515,0.4545,0.3939,9847
2020,"DJ LeMahieu","NYY",40,2.375,0.228571428,0.542857142,0.228571428,0,0.125,0.052631578,0,0.1143,0.3714,0.5143,0.2,0.5429,0.2571,9874
2020,"Brett Gardner","NYY",37,1.666666666,0.157894736,0.526315789,0.315789473,0.166666666,0,0.2,1,0.35,0.4,0.25,0.2,0.45,0.35,9927
2020,"Wil Myers","SDP",49,1.3,0.258064516,0.419354838,0.322580645,0,0.2,0.076923076,0,0.3226,0.3548,0.3226,0.129,0.2581,0.6129,10047
2020,"Jonathan Villar","2 Tms",72,4,0.166666666,0.666666666,0.166666666,0.142857142,0,0.107142857,0,0.4884,0.3256,0.186,0.2326,0.4186,0.3488,10071
2020,"Mike Trout","LAA",68,0.571428571,0.195121951,0.292682926,0.512195121,0.095238095,0.19047619,0.083333333,0,0.3171,0.3659,0.3171,0.1463,0.439,0.4146,10155
2020,"Tucker Barnhart","CIN",31,0.875,0.25,0.35,0.4,0,0.125,0,0,0.3333,0.4762,0.1905,0.0476,0.619,0.3333,10200
2020,"Jose Iglesias","BAL",51,1.6,0.365853658,0.390243902,0.243902439,0.2,0,0.0625,0,0.2683,0.4146,0.3171,0.2927,0.439,0.2683,10231
2020,"Randal Grichuk","TOR",55,1.142857142,0.23076923,0.41025641,0.358974358,0.285714285,0.071428571,0.0625,0,0.4872,0.2564,0.2564,0.2308,0.359,0.4103,10243
2020,"Brandon Belt","SFG",55,0.533333333,0.323529411,0.235294117,0.44117647,0,0.133333333,0,0,0.4118,0.4118,0.1765,0.0588,0.2941,0.6471,10264
2020,"Marcell Ozuna","ATL",66,1.142857142,0.25,0.4,0.35,0.214285714,0.285714285,0.0625,0,0.55,0.325,0.125,0.175,0.275,0.55,10324
2020,"Domingo Santana","CLE",40,2.6,0.181818181,0.59090909,0.227272727,0,0.4,0,0,0.5,0.3182,0.1818,0.2273,0.3636,0.4091,10348
2020,"Enrique Hernandez","LAD",36,2.666666666,0.185185185,0.592592592,0.222222222,0.166666666,0,0.125,0,0.4444,0.2593,0.2963,0.1852,0.4444,0.3704,10472
2020,"Derek Dietrich","TEX",22,1,0.428571428,0.285714285,0.285714285,0.5,0.25,0,0,0.2143,0.4286,0.3571,0.2857,0.3571,0.3571,10542
2020,"Cesar Hernandez","CLE",85,1.75,0.12,0.56,0.32,0.0625,0,0.142857142,1,0.451,0.3137,0.2353,0.098,0.549,0.3529,10556
2020,"Gio Urshela","NYY",44,1,0.333333333,0.333333333,0.333333333,0,0,0.2,0,0.4,0.3,0.3,0.0667,0.4667,0.4667,10681
2020,"Corey Dickerson","MIA",59,0.842105263,0.204545454,0.363636363,0.431818181,0.052631578,0.105263157,0,0,0.3182,0.2955,0.3864,0.0909,0.5682,0.3409,10762
2020,"Jurickson Profar","SDP",53,1.583333333,0.261904761,0.452380952,0.285714285,0.083333333,0.166666666,0.105263157,0,0.3953,0.3023,0.3023,0.1395,0.5116,0.3488,10815
2020,"Andrelton Simmons","LAA",23,1.428571428,0.19047619,0.476190476,0.333333333,0.285714285,0,0.2,0,0.4286,0.2381,0.3333,0.2857,0.619,0.0952,10847
2020,"Adam Duvall","ATL",43,0.642857142,0.115384615,0.346153846,0.538461538,0,0.285714285,0.222222222,0,0.4615,0.3077,0.2308,0.0769,0.5,0.4231,10950
2020,"Kevin Kiermaier","TBR",51,4.75,0.303030303,0.575757575,0.121212121,0,0.75,0.052631578,0,0.5455,0.3939,0.0606,0.1212,0.3333,0.5455,11038
2020,"Kole Calhoun","ARI",61,0.916666666,0.233333333,0.366666666,0.4,0,0.25,0,0,0.6333,0.2,0.1667,0.2,0.3667,0.4333,11200
2020,"Adam Eaton","WSN",55,3.5,0.27027027,0.567567567,0.162162162,0,0,0.142857142,0,0.3158,0.3684,0.3158,0.2105,0.3947,0.3947,11205
2020,"Jonathan Schoop","DET",59,1.636363636,0.256410256,0.461538461,0.282051282,0.09090909,0.181818181,0.222222222,0,0.4359,0.2821,0.2821,0.2308,0.4872,0.2821,11265
2020,"Whit Merrifield","KCR",78,1.125,0.203125,0.421875,0.375,0.041666666,0.208333333,0.037037037,0,0.3594,0.4531,0.1875,0.125,0.4688,0.4063,11281
2020,"Jesus Aguilar","MIA",54,0.923076923,0.324324324,0.324324324,0.351351351,0.153846153,0.307692307,0,0,0.4324,0.2973,0.2703,0.1351,0.2703,0.5946,11342
2020,"Yasmani Grandal","CHW",54,0.846153846,0.25,0.34375,0.40625,0.076923076,0.076923076,0,0,0.25,0.4375,0.3125,0.0938,0.25,0.6563,11368
2020,"Delino DeShields","CLE",39,2.6,0.25,0.541666666,0.208333333,0.2,0,0.153846153,0.333333333,0.2593,0.2963,0.4444,0.1481,0.5556,0.2963,11379
2020,"Gary Sanchez","NYY",39,1,0.142857142,0.428571428,0.428571428,0,0.5,0.166666666,0,0.5714,0.2857,0.1429,0.0714,0.4286,0.5,11442
2020,"Mark Canha","OAK",58,0.8,0.129032258,0.387096774,0.483870967,0.133333333,0.066666666,0,0,0.4194,0.3548,0.2258,0.1935,0.2581,0.5484,11445
2020,"Tony Wolters","COL",29,1,0.391304347,0.304347826,0.304347826,0.142857142,0,0,0,0.5,0.375,0.125,0.1667,0.375,0.4583,11470
2020,"Christian Yelich","MIL",58,3,0.172413793,0.620689655,0.206896551,0,0.333333333,0,0,0.5172,0.2414,0.2414,0.1034,0.5517,0.3448,11477
2020,"Michael A. Taylor","WSN",25,1.5,0.117647058,0.529411764,0.352941176,0,0.333333333,0,1,0.3889,0.3889,0.2222,0.1667,0.5,0.3333,11489
2020,"Manny Machado","SDP",70,0.952380952,0.211538461,0.384615384,0.403846153,0.095238095,0.095238095,0.2,0,0.5,0.2308,0.2692,0.1346,0.4808,0.3846,11493
2020,"Bryce Harper","PHI",33,0.888888888,0.227272727,0.363636363,0.409090909,0,0.222222222,0.125,0,0.3913,0.2174,0.3913,0.1304,0.4348,0.4348,11579
2020,"Willson Contreras","CHC",51,1.888888888,0.1875,0.53125,0.28125,0,0.222222222,0.117647058,0,0.4063,0.375,0.2188,0.1563,0.4375,0.4063,11609
2020,"Nick Castellanos","CIN",56,0.5,0.314285714,0.228571428,0.457142857,0.0625,0.3125,0,0,0.2,0.5143,0.2857,0.0857,0.3429,0.5714,11737
2020,"J.T. Realmuto","PHI",39,1,0.153846153,0.423076923,0.423076923,0.181818181,0.181818181,0.181818181,0,0.6154,0.1923,0.1923,0.1538,0.4615,0.3846,11739
2020,"Joc Pederson","LAD",48,1.272727272,0.107142857,0.5,0.392857142,0,0.454545454,0.142857142,0,0.4138,0.3103,0.2759,0.1034,0.3448,0.5517,11899
2020,"Hanser Alberto","BAL",69,1.277777777,0.24074074,0.425925925,0.333333333,0.277777777,0,0.04347826,0.5,0.5,0.2069,0.2931,0.2241,0.4655,0.3103,11902
2020,"Joe Panik","TOR",25,5,0.2,0.666666666,0.133333333,0,0,0,0,0.6,0.2,0.2,0,0.5333,0.4667,11936
2020,"Travis Shaw","TOR",46,1,0.2,0.4,0.4,0.1,0.2,0,0,0.36,0.32,0.32,0.04,0.4,0.56,11982
2020,"Jon Berti","MIA",42,0.9,0.173913043,0.391304347,0.434782608,0.2,0.1,0,1,0.2917,0.375,0.3333,0.1667,0.4167,0.4167,12037
2020,"Niko Goodrum","DET",46,0.583333333,0.173913043,0.304347826,0.52173913,0.083333333,0.166666666,0,0,0.4783,0.1739,0.3478,0.2609,0.3913,0.3478,12092
2020,"Max Kepler","MIN",54,0.666666666,0.189189189,0.324324324,0.486486486,0.111111111,0.277777777,0.083333333,0,0.5135,0.2432,0.2432,0.1892,0.2703,0.5405,12144
2020,"Nick Ahmed","ARI",51,1.545454545,0.2,0.485714285,0.314285714,0.09090909,0,0.058823529,0,0.5429,0.3714,0.0857,0.1714,0.4286,0.4,12147
2020,"Eddie Rosario","MIN",58,0.4,0.146341463,0.243902439,0.609756097,0.08,0.2,0,0,0.3902,0.2683,0.3415,0.2439,0.439,0.3171,12155
2020,"Austin Barnes","LAD",27,0.5,0.142857142,0.285714285,0.571428571,0.125,0,0.25,0,0.3333,0.4667,0.2,0.2667,0.4,0.3333,12158
2020,"Ben Gamel","MIL",40,1.333333333,0.333333333,0.38095238,0.285714285,0,0.333333333,0,0,0.5238,0.3333,0.1429,0,0.6667,0.3333,12160
2020,"Xander Bogaerts","BOS",45,0.866666666,0.176470588,0.382352941,0.44117647,0,0.133333333,0,0,0.4706,0.2353,0.2941,0.0588,0.5588,0.3824,12161
2020,"Miguel Sano","MIN",51,0.7,0.227272727,0.318181818,0.454545454,0,0.3,0,0,0.5,0.3182,0.1818,0.0455,0.2727,0.6818,12164
2020,"Jorge Bonifacio","DET",20,0.625,0,0.384615384,0.615384615,0.25,0.125,0,0,0.2308,0.3077,0.4615,0.3846,0.3846,0.2308,12174
2020,"Maikel Franco","KCR",73,1.318181818,0.089285714,0.517857142,0.392857142,0.136363636,0.181818181,0,0,0.4643,0.3929,0.1429,0.2143,0.4286,0.3571,12179
2020,"Jorge Alfaro","MIA",22,1.666666666,0.111111111,0.555555555,0.333333333,0,0,0.2,0,0.1111,0.4444,0.4444,0.3333,0.2222,0.4444,12180
2020,"Rougned Odor","TEX",25,0.583333333,0.05,0.35,0.6,0.083333333,0.166666666,0,1,0.4286,0.2857,0.2857,0.1429,0.4286,0.4286,12282
2020,"Tommy La Stella","2 Tms",56,0.444444444,0.133333333,0.266666666,0.6,0.185185185,0.074074074,0.083333333,0,0.413,0.2826,0.3043,0.1957,0.413,0.3913,12371
2020,"Kevin Pillar","2 Tms",45,1.666666666,0.058823529,0.588235294,0.352941176,0.166666666,0,0.1,0,0.3529,0.3824,0.2647,0.2353,0.5588,0.2059,12434
2020,"Kolten Wong","STL",42,5.333333333,0.344827586,0.551724137,0.103448275,0,0,0,0,0.4138,0.3103,0.2759,0.0345,0.5517,0.4138,12532
2020,"Marcus Semien","OAK",60,0.739130434,0.14893617,0.361702127,0.489361702,0.130434782,0.130434782,0.176470588,0,0.3617,0.383,0.2553,0.2128,0.4894,0.2979,12533
2020,"C.J. Cron","DET",20,1,0,0.5,0.5,0,0.75,0,0,0.5,0.25,0.25,0.125,0.25,0.625,12546
2020,"Eugenio Suarez","CIN",55,0.8125,0.171428571,0.371428571,0.457142857,0,0.3125,0.153846153,0,0.6,0.1714,0.2286,0.1429,0.5143,0.3429,12552
2020,"Trevor Story","COL",58,0.555555555,0.2,0.285714285,0.514285714,0.055555555,0.222222222,0.2,0,0.2857,0.3714,0.3429,0.1143,0.3714,0.5143,12564
2020,"Alex Dickerson","SFG",67,1.210526315,0.16,0.46,0.38,0.157894736,0.210526315,0,0,0.36,0.38,0.26,0.1,0.46,0.44,12649
2020,"Brad Miller","STL",37,0.857142857,0.38095238,0.285714285,0.333333333,0.142857142,0.428571428,0.333333333,0,0.3333,0.5714,0.0952,0.1905,0.2857,0.5238,12775
2020,"George Springer","HOU",56,0.588235294,0.289473684,0.263157894,0.447368421,0.117647058,0.117647058,0.1,0,0.5676,0.2703,0.1622,0.1892,0.3243,0.4865,12856
2020,"Brian Goodwin","2 Tms",50,1,0.333333333,0.333333333,0.333333333,0.111111111,0,0.222222222,0,0.5926,0.2222,0.1852,0.1481,0.5185,0.3333,12858
2020,"James McCann","CHW",25,1.333333333,0.176470588,0.470588235,0.352941176,0.166666666,0.166666666,0.125,0,0.3529,0.3529,0.2941,0.1765,0.5882,0.2353,12859
2020,"Anthony Rendon","LAA",47,1,0.235294117,0.382352941,0.382352941,0.307692307,0.076923076,0,0,0.3824,0.4118,0.2059,0.1471,0.3529,0.5,12861
2020,"Gregory Polanco","PIT",38,0.5,0.117647058,0.294117647,0.588235294,0.1,0.2,0,0,0.4118,0.4118,0.1765,0.1765,0.3529,0.4706,12907
2020,"Francisco Lindor","CLE",75,0.954545454,0.232142857,0.375,0.392857142,0,0.181818181,0.047619047,0,0.4737,0.2807,0.2456,0.0351,0.4912,0.4737,12916
2020,"Brandon Nimmo","NYM",57,1.4,0.2,0.466666666,0.333333333,0,0.1,0.071428571,0,0.5,0.2,0.3,0.1,0.6,0.3,12927
2020,"Jose Osuna","PIT",21,0.857142857,0.133333333,0.4,0.466666666,0,0.142857142,0,0,0.4667,0.2667,0.2667,0.1333,0.6667,0.2,12937
2020,"Austin Hedges","2 Tms",27,0.75,0.066666666,0.4,0.533333333,0,0.25,0,0,0.4444,0.3889,0.1667,0.2778,0.3333,0.3889,12976
2020,"Michael Perez","TBR",30,1,0.3,0.35,0.35,0.142857142,0,0,0,0.45,0.45,0.1,0.25,0.5,0.25,12977
2020,"Javier Baez","CHC",59,1.076923076,0.205882352,0.411764705,0.382352941,0.076923076,0.23076923,0,0,0.4706,0.2941,0.2353,0.1471,0.4412,0.4118,12979
2020,"Jackie Bradley Jr.","BOS",37,3.25,0.15,0.65,0.2,0,0.25,0.153846153,1,0.2381,0.5238,0.2381,0.0952,0.5238,0.381,12984
2020,"Teoscar Hernandez","TOR",58,0.933333333,0.256410256,0.358974358,0.384615384,0.066666666,0.266666666,0,0,0.4103,0.3333,0.2564,0.0769,0.4103,0.5128,13066
2020,"Josh Bell","PIT",49,1.625,0.3,0.433333333,0.266666666,0.125,0.25,0,0,0.5,0.2333,0.2667,0.0667,0.4333,0.5,13145
2020,"Jorge Polanco","MIN",57,1.714285714,0.191489361,0.510638297,0.29787234,0,0.142857142,0.083333333,0,0.3542,0.3958,0.25,0.125,0.5208,0.3542,13152
2020,"Orlando Arcia","MIL",41,1.363636363,0.1875,0.46875,0.34375,0,0.09090909,0,0,0.303,0.4242,0.2727,0.2121,0.5758,0.2121,13185
2020,"Mike Zunino","TBR",28,0.571428571,0.083333333,0.333333333,0.583333333,0.285714285,0.285714285,0,0,0.5,0.25,0.25,0.25,0.4167,0.3333,13265
2020,"Max Muncy","LAD",56,1.166666666,0.133333333,0.466666666,0.4,0,0.25,0.142857142,0,0.5667,0.2,0.2333,0.1333,0.3667,0.5,13301
2020,"Jake Lamb","ARI",28,2.666666666,0.153846153,0.615384615,0.23076923,0,0,0.125,0,0.3846,0.3846,0.2308,0.0769,0.4615,0.4615,13329
2020,"Omar Narvaez","MIL",40,1.285714285,0.2,0.45,0.35,0,0,0,0,0.5,0.3,0.2,0.25,0.55,0.2,13338
2020,"Tyler Naquin","CLE",41,1.083333333,0.242424242,0.393939393,0.363636363,0.083333333,0.333333333,0,0,0.303,0.4242,0.2727,0.1818,0.3333,0.4848,13359
2020,"Stephen Piscotty","OAK",49,1.875,0.233333333,0.5,0.266666666,0,0.5,0.133333333,0,0.5667,0.2333,0.2,0.0667,0.3333,0.6,13367
2020,"Erik Gonzalez","PIT",33,1.5,0.285714285,0.428571428,0.285714285,0.333333333,0.166666666,0.111111111,0,0.381,0.2857,0.3333,0.1905,0.2381,0.5714,13369
2020,"Christian Walker","ARI",56,0.846153846,0.368421052,0.289473684,0.342105263,0.153846153,0,0.363636363,0,0.3684,0.3158,0.3158,0.1316,0.3947,0.4737,13419
2020,"Dwight Smith","BAL",25,1.2,0.3125,0.375,0.3125,0.2,0.2,0.166666666,0,0.4375,0.25,0.3125,0.1875,0.3125,0.5,13473
2020,"Jose  Ramirez","CLE",81,0.772727272,0.22,0.34,0.44,0.136363636,0.045454545,0.117647058,0,0.44,0.36,0.2,0.18,0.42,0.4,13510
2020,"Roman Quinn","PHI",25,1.75,0.153846153,0.538461538,0.307692307,0,0,0.142857142,0.666666666,0.1875,0.5625,0.25,0.25,0.5625,0.1875,13546
2020,"Jesse Winker","CIN",49,1.1,0.25,0.392857142,0.357142857,0.1,0.3,0,0,0.3571,0.2857,0.3571,0.0714,0.3929,0.5357,13590
2020,"Jose Peraza","BOS",28,0.4,0.263157894,0.210526315,0.526315789,0,0,0,0,0.2105,0.4211,0.3684,0.1579,0.5263,0.3158,13593
2020,"Mallex Smith","SEA",23,1.8,0.066666666,0.6,0.333333333,0,0,0,0,0.6,0.1333,0.2667,0.2667,0.5333,0.2,13608
2020,"Mookie Betts","LAD",61,1,0.219512195,0.390243902,0.390243902,0,0.1875,0,0,0.3415,0.3415,0.3171,0.0732,0.3659,0.561,13611
2020,"Ketel Marte","ARI",62,1,0.304347826,0.347826086,0.347826086,0.125,0,0.0625,0,0.3043,0.4783,0.2174,0.1522,0.4783,0.3696,13613
2020,"Carson Kelly","ARI",21,2.333333333,0.285714285,0.5,0.214285714,0,0,0,0,0.4286,0.2857,0.2857,0.0714,0.6429,0.2857,13620
2020,"Jeimer Candelario","DET",52,1.5,0.305555555,0.416666666,0.277777777,0.2,0.1,0.066666666,0,0.4054,0.4054,0.1892,0.2432,0.5135,0.2432,13621
2020,"Corey Seager","LAD",53,1.333333333,0.348837209,0.372093023,0.279069767,0,0.416666666,0.0625,0,0.5814,0.2558,0.1628,0.0233,0.4186,0.5581,13624
2020,"Jacob Stallings","PIT",28,1.833333333,0.15,0.55,0.3,0,0,0.09090909,0,0.45,0.3,0.25,0.1,0.5,0.4,13723
2020,"David Dahl","COL",23,0.5,0.294117647,0.235294117,0.470588235,0,0,0,0,0.2941,0.3529,0.3529,0.1176,0.5294,0.3529,13744
2020,"Chris Taylor","LAD",46,4.25,0.045454545,0.772727272,0.181818181,0,0.25,0.235294117,0,0.2727,0.4545,0.2727,0.2727,0.3636,0.3636,13757
2020,"Adalberto Mondesi","KCR",68,2.2,0.179487179,0.564102564,0.256410256,0.1,0,0.045454545,0,0.4091,0.2955,0.2955,0.1364,0.5227,0.3409,13769
2020,"Joey Wendle","TBR",51,1.9,0.216216216,0.513513513,0.27027027,0.1,0.1,0.105263157,0,0.3243,0.4054,0.2703,0.2973,0.3243,0.3784,13853
2020,"Tyler Heineman","SFG",24,1,0.176470588,0.411764705,0.411764705,0,0,0,0.5,0.5789,0.2632,0.1579,0.1053,0.6316,0.2632,13897
2020,"Rio Ruiz","BAL",50,1.25,0.129032258,0.483870967,0.387096774,0.166666666,0.333333333,0.066666666,0,0.5161,0.2258,0.2581,0.2258,0.3548,0.4194,14103
2020,"Joey Gallo","TEX",45,0.5,0.368421052,0.210526315,0.421052631,0.125,0.125,0,1,0.4,0.4,0.2,0.15,0.45,0.4,14128
2020,"Daniel Vogelbach","2 Tms",38,2.428571428,0.076923076,0.653846153,0.269230769,0,0.142857142,0,0,0.2692,0.5,0.2308,0.1154,0.6538,0.2308,14130
2020,"Tim Lopes","SEA",45,2.714285714,0.235294117,0.558823529,0.205882352,0.142857142,0,0,0,0.2647,0.4706,0.2647,0.2059,0.3529,0.4412,14137
2020,"Byron Buxton","MIN",25,1.142857142,0.117647058,0.470588235,0.411764705,0.142857142,0.571428571,0.5,0,0.6471,0.2941,0.0588,0.2353,0.2353,0.5294,14161
2020,"Carlos Correa","HOU",55,2.857142857,0.25,0.555555555,0.194444444,0.285714285,0.142857142,0,0,0.5556,0.25,0.1944,0.1389,0.4444,0.4167,14162
2020,"Jorge Soler","KCR",82,1.25,0.289473684,0.394736842,0.315789473,0.25,0.333333333,0,0,0.5526,0.1842,0.2632,0.2368,0.2105,0.5526,14221
2020,"Matt Olson","OAK",58,0.785714285,0.193548387,0.354838709,0.451612903,0.071428571,0.285714285,0,0,0.4688,0.3438,0.1875,0.0938,0.375,0.5313,14344
2020,"Raimel Tapia","COL",46,2.714285714,0.212121212,0.575757575,0.212121212,0,0.142857142,0,0,0.2424,0.4848,0.2727,0.2727,0.3636,0.3636,14350
2020,"Jake Cave","MIN",30,7.5,0.19047619,0.714285714,0.095238095,0,0.5,0,0,0.4286,0.3333,0.2381,0.1429,0.5714,0.2857,14477
2020,"Renato Nunez","BAL",63,0.470588235,0.324324324,0.216216216,0.459459459,0.117647058,0.294117647,0.125,0,0.4324,0.3243,0.2432,0.1351,0.4324,0.4324,14503
2020,"Pedro Severino","BAL",37,1.1,0.25,0.392857142,0.357142857,0.1,0.1,0.09090909,0,0.6071,0.2857,0.1071,0.1429,0.4643,0.3929,14523
2020,"Anthony Santander","BAL",66,0.304347826,0.375,0.145833333,0.479166666,0.086956521,0.130434782,0.142857142,0,0.3265,0.2653,0.4082,0.1429,0.4082,0.449,14551
2020,"Nomar Mazara","CHW",29,6,0.263157894,0.631578947,0.105263157,0,0,0.166666666,0,0.2632,0.2632,0.4737,0.1579,0.4211,0.4211,14553
2020,"Franmil Reyes","CLE",72,1.1875,0.285714285,0.387755102,0.326530612,0.0625,0.4375,0.157894736,0,0.4286,0.4082,0.1633,0.1224,0.3061,0.5714,14566
2020,"David Bote","CHC",41,1.625,0.125,0.541666666,0.333333333,0.125,0.375,0.076923076,0,0.3333,0.4167,0.25,0.125,0.4167,0.4583,14593
2020,"Manuel Margot","TBR",53,1.133333333,0.238095238,0.404761904,0.357142857,0.133333333,0,0.058823529,1,0.5682,0.3182,0.1136,0.25,0.4773,0.2727,14712
2020,"Luke Voit","NYY",50,1.181818181,0.25,0.40625,0.34375,0.09090909,0.272727272,0.153846153,0,0.5625,0.2813,0.1563,0.0938,0.4063,0.5,14811
2020,"JaCoby Jones","DET",45,1.428571428,0.227272727,0.454545454,0.318181818,0,0.142857142,0.1,0,0.5,0.3182,0.1818,0.1364,0.5909,0.2727,14818
2020,"Mike Yastrzemski","SFG",69,1.615384615,0.19047619,0.5,0.309523809,0.23076923,0.153846153,0.047619047,0,0.5,0.3095,0.1905,0.2143,0.3333,0.4524,14854
2020,"Pat Valaika","BAL",27,0.666666666,0.210526315,0.315789473,0.47368421,0.111111111,0,0,0,0.2632,0.4737,0.2632,0.1053,0.5263,0.3684,14885
2020,"Tony Kemp","OAK",40,1.125,0.37037037,0.333333333,0.296296296,0,0,0,0,0.3214,0.5,0.1786,0.0714,0.5714,0.3571,14894
2020,"Johan Camargo","ATL",49,1,0.125,0.4375,0.4375,0.142857142,0.214285714,0,0,0.4375,0.3438,0.2188,0.1875,0.4688,0.3438,14950
2020,"Victor Caratini","CHC",36,3.75,0.208333333,0.625,0.166666666,0,0,0,0,0.2917,0.625,0.0833,0.125,0.5,0.375,14968
2020,"Adam Engel","CHW",22,1.75,0.214285714,0.5,0.285714285,0,0,0,0,0.5714,0.1429,0.2857,0.2857,0.4286,0.2857,15082
2020,"Ryan McMahon","COL",41,0.888888888,0.19047619,0.38095238,0.428571428,0,0.111111111,0,0,0.381,0.3333,0.2857,0.2381,0.4286,0.3333,15112
2020,"Hunter Dozier","KCR",49,0.571428571,0.185185185,0.296296296,0.518518518,0.071428571,0.142857142,0.125,0,0.3704,0.2963,0.3333,0.1852,0.5185,0.2963,15117
2020,"Mitch Garver","MIN",22,1,0.4,0.3,0.3,0,0,0,0,0.5,0.2,0.3,0,0.6,0.4,15161
2020,"Tim Anderson","CHW",45,3.166666666,0.242424242,0.575757575,0.181818181,0,0.166666666,0.157894736,0,0.2121,0.303,0.4848,0.1515,0.4242,0.4242,15172
2020,"Adam Frazier","PIT",52,1.272727272,0.285714285,0.4,0.314285714,0,0.09090909,0,0,0.4286,0.2571,0.3143,0.2,0.4857,0.3143,15223
2020,"Mike Tauchman","NYY",26,3,0.428571428,0.428571428,0.142857142,0,0,0,0,0.1429,0.4286,0.4286,0.2143,0.5,0.2857,15274
2020,"Jeff McNeil","NYM",36,1.333333333,0.275862068,0.413793103,0.310344827,0,0,0,0,0.4138,0.3793,0.2069,0.1034,0.5172,0.3793,15362
2020,"Kris Bryant","CHC",29,0.777777777,0.157894736,0.368421052,0.47368421,0,0.111111111,0.285714285,0,0.5789,0.2632,0.1579,0.0526,0.5789,0.3684,15429
2020,"Hunter Renfroe","TBR",33,1,0.153846153,0.423076923,0.423076923,0.181818181,0.09090909,0.09090909,0,0.5,0.2692,0.2308,0.1923,0.4615,0.3462,15464
2020,"Victor Reyes","DET",46,1,0.315789473,0.342105263,0.342105263,0,0.23076923,0,0,0.3421,0.3158,0.3421,0.0789,0.5,0.4211,15487
2020,"J.P. Crawford","SEA",72,1.133333333,0.333333333,0.354166666,0.3125,0.2,0.066666666,0,0,0.4082,0.3673,0.2245,0.1633,0.3265,0.5102,15491
2020,"Amed Rosario","NYM",41,1.875,0.178571428,0.535714285,0.285714285,0,0.25,0.066666666,0,0.4286,0.3571,0.2143,0.25,0.4643,0.2857,15518
2020,"Mike Ford","NYY",27,1.111111111,0.095238095,0.476190476,0.428571428,0,0.111111111,0.1,0,0.3333,0.4762,0.1905,0.0952,0.5714,0.3333,15585
2020,"Aaron Judge","NYY",31,0.777777777,0.2,0.35,0.45,0,0.222222222,0,0,0.55,0.25,0.2,0.2,0.3,0.5,15640
2020,"Dominic Smith","NYM",44,1.2,0.185185185,0.444444444,0.37037037,0,0.3,0.083333333,0,0.5556,0.2593,0.1852,0.1481,0.4074,0.4444,15653
2020,"Austin Meadows","TBR",46,0.6,0.172413793,0.310344827,0.517241379,0.133333333,0.2,0.111111111,0,0.4828,0.3103,0.2069,0.1724,0.3448,0.4828,15672
2020,"Jose Abreu","CHW",67,0.826086956,0.207547169,0.358490566,0.433962264,0.086956521,0.304347826,0,0,0.3396,0.4717,0.1887,0.0755,0.3774,0.5472,15676
2020,"Rowdy Tellez","TOR",51,1.333333333,0.263157894,0.421052631,0.315789473,0.083333333,0.083333333,0,0,0.3158,0.4211,0.2632,0.2105,0.4211,0.3684,15679
2020,"Chance Sisco","BAL",31,2.5,0.5,0.357142857,0.142857142,0,0.5,0,0,0.5714,0.2143,0.2143,0.2143,0.2143,0.5714,15694
2020,"Tyler O'Neill","STL",31,0.333333333,0.294117647,0.176470588,0.529411764,0,0.222222222,0,0,0.3529,0.4706,0.1765,0.0588,0.4706,0.4706,15711
2020,"Tyler Wade","NYY",20,0.75,0.222222222,0.333333333,0.444444444,0,0.25,0.333333333,1,0.4,0.3,0.3,0.2,0.4,0.4,15730
2020,"Jose Marmolejos","SEA",35,1,0.166666666,0.416666666,0.416666666,0,0.4,0,0,0.375,0.4583,0.1667,0.125,0.25,0.625,15767
2020,"Austin Nola","2 Tms",61,1,0.255813953,0.372093023,0.372093023,0.125,0.1875,0,0,0.3721,0.4186,0.2093,0.1395,0.3256,0.5349,15941
2020,"Willy Adames","TBR",62,1.3,0.323529411,0.382352941,0.294117647,0.1,0.4,0.153846153,0,0.6471,0.2059,0.1471,0.2059,0.2941,0.5,15986
2020,"Cody Bellinger","LAD",49,0.823529411,0.114285714,0.4,0.485714285,0.058823529,0.352941176,0,0,0.5556,0.25,0.1944,0.1944,0.4167,0.3889,15998
2020,"J.D. Davis","NYM",47,3.6,0.148148148,0.666666666,0.185185185,0,0.4,0.166666666,0,0.2222,0.4074,0.3704,0.1481,0.4444,0.4074,16219
2020,"Bradley Zimmer","CLE",23,1,0.111111111,0.444444444,0.444444444,0,0,0.5,0,0.4444,0.2222,0.3333,0.3333,0.5556,0.1111,16221
2020,"Trea Turner","WSN",73,2.076923076,0.310344827,0.465517241,0.224137931,0.076923076,0.307692307,0.148148148,0,0.2759,0.431,0.2931,0.1724,0.431,0.3966,16252
2020,"Oscar Mercado","CLE",20,0.285714285,0.307692307,0.153846153,0.538461538,0.142857142,0,0.5,0,0.3077,0.5385,0.1538,0.1538,0.4615,0.3846,16375
2020,"Michael Conforto","NYM",53,1.625,0.4,0.371428571,0.228571428,0,0.125,0,0,0.4,0.3143,0.2857,0.0857,0.3143,0.6,16376
2020,"Jordan Luplow","CLE",22,0.3,0.071428571,0.214285714,0.714285714,0.5,0.1,0,0,0.5714,0.0714,0.3571,0.4286,0.2143,0.3571,16424
2020,"Ryan O'Hearn","KCR",58,1.416666666,0.147058823,0.5,0.352941176,0.083333333,0.166666666,0,0,0.4286,0.3714,0.2,0.1143,0.3429,0.5429,16442
2020,"Luis Guillorme","NYM",24,10,0.421052631,0.526315789,0.052631578,0,0,0,0,0.2632,0.3684,0.3684,0.1053,0.4211,0.4737,16451
2020,"Rhys Hoskins","PHI",42,0.363636363,0.210526315,0.210526315,0.578947368,0.09090909,0.272727272,0.25,0,0.5263,0.2105,0.2632,0.1579,0.4737,0.3684,16472
2020,"Kyle Schwarber","CHC",53,1,0.2,0.4,0.4,0.083333333,0.416666666,0.083333333,0,0.5,0.3333,0.1667,0.1,0.3667,0.5333,16478
2020,"Matt Chapman","OAK",59,0.625,0.235294117,0.294117647,0.470588235,0.3125,0.1875,0.1,0,0.4412,0.3529,0.2059,0.2353,0.1765,0.5882,16505
2020,"Isiah Kiner-Falefa","TEX",47,1.666666666,0.294117647,0.44117647,0.264705882,0.111111111,0.111111111,0.066666666,0,0.2647,0.4118,0.3235,0.1471,0.4412,0.4118,16512
2020,"Ryan McBroom","KCR",25,0.555555555,0.125,0.3125,0.5625,0.111111111,0.111111111,0,0,0.25,0.25,0.5,0.25,0.5,0.25,16524
2020,"Mauricio Dubon","SFG",47,0.533333333,0.258064516,0.258064516,0.483870967,0.133333333,0,0,0,0.3548,0.3226,0.3226,0.1935,0.4839,0.3226,16530
2020,"Danny Jansen","TOR",35,0.666666666,0.318181818,0.272727272,0.409090909,0.111111111,0.222222222,0,0,0.3043,0.4348,0.2609,0.087,0.6087,0.3043,16535
2020,"Shed Long Jr.","SEA",54,1.666666666,0.111111111,0.555555555,0.333333333,0.083333333,0.25,0,0,0.3611,0.3889,0.25,0.0833,0.5,0.4167,16542
2020,"Yandy Diaz","TBR",55,7.5,0.227272727,0.681818181,0.09090909,0,0.25,0.166666666,0,0.2727,0.2727,0.4545,0.2273,0.4773,0.2955,16578
2020,"Luis Urias","MIL",30,17,0.181818181,0.772727272,0.045454545,0,0,0.058823529,0,0.3182,0.5,0.1818,0.0909,0.5909,0.3182,16622
2020,"Jose Trevino","TEX",20,2,0.25,0.5,0.25,0,0.25,0,0,0.5294,0.2353,0.2353,0.1765,0.3529,0.4706,16725
2020,"Colin Moran","PIT",34,1,0.238095238,0.38095238,0.38095238,0.25,0.375,0,0,0.4286,0.3333,0.2381,0.0952,0.4762,0.4286,16909
2020,"Gleyber Torres","NYY",29,0.5,0.166666666,0.277777777,0.555555555,0,0,0.2,0,0.1111,0.5556,0.3333,0.2222,0.5,0.2778,16997
2020,"Alex Verdugo","BOS",44,1.545454545,0.2,0.485714285,0.314285714,0.09090909,0.181818181,0,0,0.4857,0.3714,0.1429,0.1429,0.4857,0.3714,17027
2020,"Ramon Laureano","OAK",44,1.5,0.25,0.45,0.3,0,0.166666666,0,0,0.45,0.3,0.25,0,0.55,0.45,17128
2020,"Yoan Moncada","CHW",58,0.846153846,0.25,0.34375,0.40625,0.23076923,0.076923076,0.181818181,0,0.303,0.4545,0.2424,0.1818,0.4848,0.3333,17232
2020,"Michael Chavis","BOS",22,3.5,0.25,0.583333333,0.166666666,0,0,0,0,0.3333,0.5,0.1667,0.3333,0.3333,0.3333,17321
2020,"Cole Tucker","PIT",27,1.75,0.3125,0.4375,0.25,0.25,0,0.142857142,0,0.5882,0.3529,0.0588,0.2941,0.1765,0.5294,17326
2020,"Willi Castro","DET",25,2,0.25,0.5,0.25,0,0.25,0.125,0,0.2941,0.4706,0.2353,0.3529,0.4118,0.2353,17338
2020,"Rafael Devers","BOS",47,0.769230769,0.206896551,0.344827586,0.448275862,0,0.153846153,0,0,0.2759,0.4828,0.2414,0.069,0.5172,0.4138,17350
2020,"Eloy Jimenez","CHW",57,1.615384615,0.227272727,0.477272727,0.295454545,0.153846153,0.23076923,0.047619047,0,0.2955,0.4318,0.2727,0.1136,0.2727,0.6136,17484
2020,"Myles Straw","HOU",22,1,0.5,0.25,0.25,0,0,0.25,0,0.5625,0.25,0.1875,0.125,0.625,0.25,17620
2020,"Alex Bregman","HOU",37,0.714285714,0.172413793,0.344827586,0.48275862,0,0.142857142,0,0,0.3448,0.4483,0.2069,0,0.4828,0.5172,17678
2020,"Kevin Newman","PIT",43,1.166666666,0.235294117,0.411764705,0.352941176,0.333333333,0,0.071428571,0,0.2,0.4857,0.3143,0.4,0.3714,0.2286,17696
2020,"Matt Beaty","LAD",24,0.75,0.222222222,0.333333333,0.444444444,0.125,0.25,0,0,0.3889,0.3333,0.2778,0.1111,0.2778,0.6111,17710
2020,"Christin Stewart","DET",36,0.875,0.25,0.35,0.4,0.125,0.125,0,0,0.45,0.2,0.35,0.15,0.55,0.3,17714
2020,"Willie Calhoun","TEX",25,1.571428571,0.181818181,0.5,0.318181818,0.142857142,0,0,0,0.3182,0.4091,0.2727,0.0909,0.3182,0.5909,17838
2020,"Ian Happ","CHC",60,1.307692307,0.23076923,0.435897435,0.333333333,0.076923076,0.307692307,0.058823529,0,0.359,0.4103,0.2308,0.1026,0.5128,0.3846,17919
2020,"Sam Hilliard","COL",38,0.777777777,0,0.4375,0.5625,0.111111111,0.444444444,0.142857142,0,0.4375,0.375,0.1875,0.25,0.3125,0.4375,17954
2020,"David Fletcher","LAA",61,1.75,0.282608695,0.456521739,0.260869565,0.083333333,0.083333333,0.095238095,0,0.3913,0.2826,0.3261,0.087,0.6304,0.2826,17992
2020,"Paul DeJong","STL",27,0.857142857,0.071428571,0.428571428,0.5,0.142857142,0.142857142,0,0,0.5,0.4286,0.0714,0.0714,0.5,0.4286,18015
2020,"Jake Cronenworth","SDP",50,2.5,0.243243243,0.54054054,0.216216216,0,0.125,0.1,0,0.3514,0.4054,0.2432,0.1081,0.3514,0.5405,18036
2020,"Dylan Moore","SEA",33,0.5,0.4375,0.1875,0.375,0.166666666,0.333333333,0,0,0.375,0.3125,0.3125,0.1875,0.5,0.3125,18042
2020,"Sam Haggerty","SEA",25,1,0.411764705,0.294117647,0.294117647,0,0,0,0,0.4706,0.1765,0.3529,0.0588,0.5294,0.4118,18054
2020,"Brian Anderson","MIA",60,1.4,0.2,0.466666666,0.333333333,0,0.4,0,0,0.5667,0.2,0.2333,0.1,0.4333,0.4667,18289
2020,"Dansby Swanson","ATL",70,0.882352941,0.288888888,0.333333333,0.377777777,0.058823529,0.176470588,0,0,0.3111,0.4667,0.2222,0.0889,0.5333,0.3778,18314
2020,"Kyle Tucker","HOU",53,0.733333333,0.257142857,0.314285714,0.428571428,0.066666666,0.066666666,0,0,0.5556,0.3333,0.1111,0.0833,0.4444,0.4722,18345
2020,"Austin Riley","ATL",56,1.307692307,0.166666666,0.472222222,0.361111111,0.076923076,0.23076923,0.117647058,0,0.4167,0.4167,0.1667,0.0811,0.4595,0.4595,18360
2020,"Victor Robles","WSN",51,0.9,0.387096774,0.29032258,0.322580645,0.4,0.1,0,0,0.3548,0.4516,0.1935,0.2903,0.3548,0.3548,18363
2020,"Ryan Mountcastle","BAL",20,1.6,0.071428571,0.571428571,0.357142857,0,0.4,0.125,0,0.3571,0.5,0.1429,0.1429,0.5714,0.2857,18373
2020,"Ronald Acuna Jr.","ATL",41,2,0.285714285,0.476190476,0.238095238,0,0.6,0.1,0,0.7619,0.0476,0.1905,0.0952,0.4286,0.4762,18401
2020,"Trent Grisham","SDP",73,1.2,0.25,0.409090909,0.34090909,0.133333333,0.133333333,0.055555555,1,0.4444,0.3556,0.2,0.1778,0.4889,0.3333,18564
2020,"Luis Arraez","MIN",38,2.285714285,0.258064516,0.516129032,0.225806451,0,0,0,0,0.2258,0.3548,0.4194,0.129,0.6129,0.2581,18568
2020,"Josh Naylor","2 Tms",26,1.714285714,0.208333333,0.5,0.291666666,0,0,0,0,0.3333,0.4167,0.25,0.1667,0.5,0.3333,18839
2020,"Brandon Lowe","TBR",58,0.875,0.23076923,0.358974358,0.41025641,0,0.25,0,0,0.4359,0.359,0.2051,0.0513,0.4103,0.5385,18882
2020,"Danny Mendick","CHW",29,2,0.181818181,0.545454545,0.272727272,0.166666666,0,0.166666666,0,0.2727,0.4091,0.3182,0.1364,0.5455,0.3182,18889
2020,"Will Smith","LAD",28,0.444444444,0.133333333,0.266666666,0.6,0.111111111,0.111111111,0,0,0.3333,0.6,0.0667,0.0667,0.2667,0.6667,19197
2020,"Yuli Gurriel","HOU",58,0.894736842,0.181818181,0.386363636,0.431818181,0.052631578,0.052631578,0.058823529,0,0.3636,0.4091,0.2273,0.1818,0.3182,0.5,19198
2020,"Lourdes Gurriel Jr.","TOR",56,1.428571428,0.209302325,0.465116279,0.325581395,0.071428571,0.285714285,0.05,0,0.4186,0.3953,0.186,0.1163,0.3488,0.5349,19238
2020,"Pete Alonso","NYM",56,0.916666666,0.206896551,0.379310344,0.413793103,0.083333333,0.166666666,0.09090909,0,0.4483,0.3793,0.1724,0.1724,0.4138,0.4138,19251
2020,"Cavan Biggio","TOR",57,0.608695652,0.119047619,0.333333333,0.547619047,0.04347826,0.173913043,0.142857142,1,0.5349,0.2791,0.186,0.1395,0.4651,0.3953,19252
2020,"Garrett Hampson","COL",37,1.111111111,0.136363636,0.454545454,0.409090909,0.111111111,0.111111111,0,0,0.4783,0.3913,0.1304,0.1304,0.3913,0.4783,19262
2020,"Nick Solak","TEX",56,1.0625,0.175,0.425,0.4,0.0625,0.125,0.058823529,0,0.325,0.4,0.275,0.075,0.425,0.5,19294
2020,"Bryan Reynolds","PIT",46,0.785714285,0.166666666,0.366666666,0.466666666,0,0.071428571,0,0,0.3667,0.3667,0.2667,0.0333,0.5333,0.4333,19326
2020,"Nicky Lopez","KCR",46,1.333333333,0.25,0.428571428,0.321428571,0,0,0,0,0.3103,0.4483,0.2414,0.1379,0.6207,0.2414,19339
2020,"Sean Murphy","OAK",30,0.5,0.25,0.25,0.5,0.125,0.125,0,0,0.125,0.625,0.25,0.0625,0.625,0.3125,19352
2020,"Austin Hays","BAL",38,1,0.172413793,0.413793103,0.413793103,0.166666666,0.083333333,0.083333333,0,0.3103,0.3448,0.3448,0.1724,0.5172,0.3103,19363
2020,"Tommy Edman","STL",48,1.8,0.243243243,0.486486486,0.27027027,0.3,0.1,0.111111111,0,0.3784,0.4054,0.2162,0.2432,0.4054,0.3514,19470
2020,"Kyle Lewis","SEA",79,1.105263157,0.183673469,0.428571428,0.387755102,0,0.263157894,0.095238095,0,0.3061,0.3265,0.3673,0.1837,0.551,0.2653,19508
2020,"Vladimir Guerrero Jr.","TOR",61,2.8,0.116279069,0.65116279,0.232558139,0,0.1,0,0,0.3721,0.3256,0.3023,0.1163,0.4884,0.3953,19611
2020,"Bo Bichette","TOR",27,1.125,0.260869565,0.391304347,0.347826086,0.125,0.25,0.111111111,0,0.3478,0.3043,0.3478,0.1739,0.3478,0.4783,19612
2020,"Fernando Tatis Jr.","SDP",72,1.4,0.217391304,0.456521739,0.326086956,0,0.266666666,0.095238095,0,0.4783,0.3043,0.2174,0.087,0.413,0.5,19709
2020,"Shohei Ohtani","LAA",41,1,0.217391304,0.391304347,0.391304347,0,0.222222222,0.111111111,0,0.2609,0.5217,0.2174,0.2174,0.5217,0.2609,19755
2020,"Abraham Toro","HOU",35,2.5,0.192307692,0.576923076,0.23076923,0,0.166666666,0,0,0.5769,0.2692,0.1538,0.1923,0.6154,0.1923,19844
2020,"Luis Rengifo","LAA",21,3.5,0.25,0.583333333,0.166666666,0,0,0.142857142,0,0.3333,0.25,0.4167,0.1667,0.5833,0.25,19858
2020,"Andres Gimenez","NYM",28,3,0.2,0.6,0.2,0.25,0.25,0,0,0.5,0.2,0.3,0.05,0.55,0.4,19950
2020,"Carter Kieboom","WSN",22,0.666666666,0.5,0.2,0.3,0,0,0,0,0,0.4,0.6,0,0.6,0.4,19958
2020,"Keston Hiura","MIL",62,0.882352941,0.157894736,0.394736842,0.447368421,0.176470588,0.294117647,0.133333333,0,0.4211,0.2632,0.3158,0.2368,0.3947,0.3684,20003
2020,"Isaac Paredes","DET",25,0.714285714,0.076923076,0.384615384,0.538461538,0.142857142,0.142857142,0,0,0.4615,0.2308,0.3077,0.3077,0.3846,0.3077,20036
2020,"Luis Robert","CHW",62,0.642857142,0.303030303,0.272727272,0.424242424,0.071428571,0.285714285,0.111111111,0,0.3939,0.3939,0.2121,0.2424,0.3636,0.3939,20043
2020,"Evan White","SEA",54,0.533333333,0.148148148,0.296296296,0.555555555,0.066666666,0.2,0.375,0,0.3704,0.2593,0.3704,0.1481,0.2963,0.5556,20078
2020,"Juan Soto","WSN",55,1.909090909,0.135135135,0.567567567,0.297297297,0.09090909,0.454545454,0.095238095,0,0.3243,0.5676,0.1081,0.1081,0.3784,0.5135,20123
2020,"Dylan Carlson","STL",30,1.111111111,0.173913043,0.434782608,0.391304347,0.222222222,0,0,0,0.4348,0.3913,0.1739,0.2174,0.4348,0.3478,20126
2020,"Jo Adell","LAA",33,1,0.222222222,0.388888888,0.388888888,0.142857142,0,0.428571428,0,0.3889,0.3333,0.2778,0.2222,0.5,0.2778,20220
2020,"Luis Garcia","WSN",35,3,0.407407407,0.444444444,0.148148148,0,0.25,0.083333333,0,0.3704,0.2963,0.3333,0.1481,0.5185,0.3333,20391
2020,"Nick Madrigal","CHW",26,5,0.181818181,0.681818181,0.136363636,0,0,0,0,0.1818,0.5,0.3182,0.1818,0.6818,0.1364,20521
2020,"Nico Hoerner","CHC",36,2.333333333,0.166666666,0.583333333,0.25,0.166666666,0,0.214285714,0,0.2083,0.375,0.4167,0.375,0.375,0.25,21479
2020,"Alec Bohm","PHI",33,1,0.263157894,0.368421052,0.368421052,0,0.142857142,0,0,0.0526,0.6316,0.3158,0.0526,0.5263,0.4211,21618
2020,"Yoshi Tsutsugo","TBR",41,1.166666666,0.103448275,0.48275862,0.413793103,0.166666666,0.25,0,0,0.4138,0.4828,0.1034,0.1034,0.5172,0.3793,27459
2020,"Shogo Akiyama","CIN",49,2,0.15625,0.5625,0.28125,0,0,0,0,0.375,0.2813,0.3438,0.125,0.5313,0.3438,27461