Season,Name,Tm,IP,TBF,K/9,BB/9,K/BB,HR/9,K%,BB%,K-BB%,AVG,WHIP,BABIP,LOB%,FIP,xFIP,playerId
2020,"Tommy Hunter","PHI",8.2,33,8.3077,1.0385,8,0,0.2424,0.0303,0.2121,0.1935,0.8077,0.25,0.4286,1.689609718322754,3.043210261871105,1157
2020,"Adam Ottavino","NYY",6.1,30,7.1053,5.6842,1.25,1.4211,0.1667,0.1333,0.0334,0.2917,1.7369,0.3158,0.4717,6.0317097183227535,5.831392016772297,1247
2020,"Oliver Perez","CLE",6.2,22,8.1,0,6,0,0.2727,0,0.2727,0.1429,0.45,0.2,1,1.839609718322754,3.8925661739253123,1514
2020,"Zack Greinke","HOU",17.2,67,6.6226,1.5283,4.3333,0,0.194,0.0448,0.1492,0.1935,0.8491,0.24,0.6875,2.397109718322754,4.278573674269048,1943
2020,"Ivan Nova","DET",10,45,4.5,6.3,0.7143,1.8,0.1111,0.1556,-0.0445,0.2368,1.6,0.2258,0.6061,6.889609718322754,6.049289692938328,1994
2020,"Clayton Kershaw","LAD",30.2,113,8.8043,1.4674,6,0.587,0.2655,0.0442,0.2213,0.1495,0.6848,0.1842,0.8242,2.570009718322754,3.124861942379852,2036
2020,"Adam Wainwright","STL",11.1,46,7.1471,3.1765,2.25,1.5882,0.1957,0.087,0.1087,0.1951,1.0588,0.2,0.9804,5.219009718322754,4.6500845771856465,2233
2020,"Hector Rondon","ARI",6.1,34,8.5264,5.6842,1.5,5.6842,0.1765,0.1176,0.0589,0.3448,2.2105,0.3158,0.4255,11.873909718322754,7.367905340121972,2391
2020,"Lance Lynn","TEX",28.1,114,8.2588,1.5882,5.2,1.5882,0.2281,0.0439,0.1842,0.1981,0.9176,0.2105,0.8095,4.389609718322754,4.303719232478981,2520
2020,"Rick Porcello","NYM",22,93,6.9545,2.0455,3.4,0.4091,0.1828,0.0538,0.129,0.2727,1.3182,0.3286,0.6522,2.916909718322754,4.547791504453529,2717
2020,"Ross Detwiler","CHW",10,39,9,1.8,5,0.9,0.2564,0.0513,0.2051,0.2162,1,0.2692,0.9302,3.089609718322754,2.767209704220295,2859
2020,"Kenley Jansen","LAD",10.2,44,13.5,4.2187,3.2,1.6875,0.3636,0.1136,0.25,0.2105,1.2187,0.3,0.8036,4.314609718322754,3.8934074898683964,3096
2020,"Tony Watson","SFG",5,20,5.4,3.6,1.5,1.8,0.15,0.1,0.05,0.1176,0.8,0.0769,0.5556,6.389609718322754,4.9627297013998035,3132
2020,"Max Scherzer","WSN",32.1,133,12.2474,2.5052,4.8889,1.1134,0.3308,0.0677,0.2631,0.2439,1.2062,0.3421,0.8683,2.911209718322754,3.2380551011770446,3137
2020,"Will Harris","WSN",6.1,29,11.3685,4.2632,2.6667,0,0.2759,0.1034,0.1725,0.2692,1.579,0.3889,0.8,2.0843097183227544,3.010492972769132,3192
2020,"T.J. McFarland","OAK",6.2,29,6.75,4.05,1.6667,2.7,0.1724,0.1034,0.069,0.2692,1.5,0.2632,0.9722,6.939609718322754,4.506003115202081,3237
2020,"Zack Britton","NYY",7.2,34,4.6956,5.8695,0.8,0,0.1176,0.1471,-0.0295,0.2759,1.6956,0.32,0.7692,4.102609718322754,5.12274912474016,3240
2020,"Anibal Sanchez","WSN",16,84,4.5,3.375,1.3333,2.25,0.0952,0.0714,0.0238,0.3766,2.1875,0.3846,0.625,6.752109718322754,6.190509679540992,3284
2020,"Darren O'Day","ATL",6,23,16.5,0,11,0,0.4783,0,0.4783,0.1364,0.5,0.2727,1,0.022909718322754458,1.3264096995194758,3321
2020,"Danny Duffy","KCR",31.2,131,9.6631,3.1263,3.0909,1.1368,0.2595,0.084,0.1755,0.1947,1.0421,0.225,0.7483,3.9159097183227543,4.8052879810908475,3542
2020,"Liam Hendriks","OAK",7,24,16.7143,1.2857,13,0,0.5417,0.0417,0.5,0.087,0.4286,0.2,1,-0.09609028167724576,1.0211525593485153,3548
2020,"Matt Magill","SEA",6.1,30,9.9474,4.2632,2.3333,4.2632,0.2333,0.1,0.1333,0.3333,1.8947,0.3529,0.641,8.558009718322754,3.94371892820945,3950
2020,"Yusmeiro Petit","OAK",6.2,25,5.4,1.35,4,2.7,0.16,0.04,0.12,0.1667,0.75,0.1111,1,6.3396097183227536,5.3723987620701585,4020
2020,"Derek Holland","PIT",10.2,48,10.9687,5.0625,2.1667,2.5312,0.2708,0.125,0.1458,0.2439,1.5,0.28,0.3906,6.377109718322754,5.470352551338236,4141
2020,"Jake Arrieta","PHI",27,110,6,3.3333,1.8,1.6667,0.1636,0.0909,0.0727,0.2755,1.3704,0.2857,0.8,5.374809718322754,4.560513399044673,4153
2020,"Rafael Dolis","TOR",12.1,51,10.946,5.1081,2.1429,0.7297,0.2941,0.1373,0.1568,0.186,1.2162,0.2593,0.8219,3.7572097183227537,4.288423476031625,4185
2020,"Mark Melancon","ATL",8.2,31,6.2307,1.0385,6,1.0385,0.1935,0.0323,0.1612,0.1429,0.5769,0.1364,0.6522,3.997309718322754,4.076498592123113,4264
2020,"Justin Wilson","NYM",7.1,27,9.8182,1.2273,8,0,0.2963,0.037,0.2593,0.1923,0.8182,0.2778,0.6667,1.4169097183227537,3.01659072697786,4301
2020,"Tyler Chatwood","CHC",6,39,9,7.5,1.2,3,0.1538,0.1282,0.0256,0.4848,3.5,0.5385,0.6044,8.022909718322754,6.948276337981225,4338
2020,"Charlie Morton","TBR",12,52,10.5,3,3.5,0.75,0.2692,0.0769,0.1923,0.2128,1.1667,0.2813,0.7353,3.1896097183227545,3.5726763638357326,4676
2020,"Nate Jones","CIN",5.2,28,11.1176,1.5882,7,3.1765,0.25,0.0357,0.2143,0.3704,1.9412,0.4444,0.7317,5.836609718322753,4.353744002148568,4696
2020,"Matt Shoemaker","TOR",21.2,87,7.4769,2.4923,3,2.9077,0.2069,0.069,0.1379,0.2,1.0154,0.1607,0.8197,6.558809718322754,4.3441186827470455,4776
2020,"Rich Hill","MIN",5,19,9,3.6,2.5,0,0.2632,0.1053,0.1579,0.2353,1.2,0.3333,0.8333,2.3896097183227543,3.562729701399803,4806
2020,"Jon Lester","CHC",27.1,117,6.9146,2.9634,2.3333,0,0.1795,0.0769,0.1026,0.2075,1.1341,0.2588,0.7879,2.860309718322754,5.292422003741375,4930
2020,"Jake Diekman","OAK",5,22,16.2,9,1.8,0,0.4091,0.2273,0.1818,0.1176,1.4,0.25,1,2.589609718322754,3.7627297013998033,5003
2020,"Jeurys Familia","NYM",7,33,6.4286,6.4286,1,1.2857,0.1515,0.1515,0,0.2593,1.7143,0.2857,0.6897,6.189609718322754,6.008352551289967,5114
2020,"Wade LeBlanc","BAL",12.1,59,5.1081,2.9189,1.75,2.1892,0.1186,0.0678,0.0508,0.3269,1.7027,0.3182,0.5056,6.432909718322754,5.807173512986089,5221
2020,"Blake Parker","PHI",7,30,12.8571,2.5714,5,2.5714,0.3333,0.0667,0.2666,0.2222,1.1429,0.25,0.7692,4.903909718322754,3.4241239718028478,5224
2020,"Wilmer Font","TOR",5.2,31,11.1176,6.3529,1.75,1.5882,0.2258,0.129,0.0968,0.3846,2.4706,0.4737,0.6349,5.130809718322754,5.941969953760617,5257
2020,"Pedro Baez","LAD",6,25,4.5,3,1.5,1.5,0.12,0.08,0.04,0.2174,1.1667,0.2105,0.7143,5.356309718322755,6.122409676015378,5420
2020,"Jesse Chavez","TEX",5.1,27,8.4376,3.375,2.5,6.75,0.1852,0.0741,0.1111,0.36,2.0625,0.3125,1,12.189709718322753,6.472230176527974,5448
2020,"Madison Bumgarner","ARI",17,74,6.8824,3.7059,1.8571,3.7059,0.1757,0.0946,0.0811,0.2424,1.3529,0.1957,0.7746,8.424909718322754,6.407303787855541,5524
2020,"Nik Turley","PIT",7.2,36,8.2174,7.0434,1.1667,0,0.1944,0.1667,0.0277,0.2222,1.5652,0.2727,0.5385,4.102609718322754,6.652898971580456,5530
2020,"Ryan Brasier","BOS",9,39,13,5,2.6,1,0.3333,0.1282,0.2051,0.2121,1.3333,0.3,0.8491,3.411809718322754,4.139831909206179,5615
2020,"Tyler Clippard","MIN",9.2,34,13.0344,1.8621,7,0.931,0.4118,0.0588,0.353,0.0938,0.5172,0.1176,1,2.258609718322754,2.734107814483361,5640
2020,"Junior Guerra","ARI",7.2,38,4.6956,10.5652,0.4444,0,0.1053,0.2368,-0.1315,0.2222,1.9565,0.25,0.6875,6.059209718322754,7.079262357291324,5702
2020,"Dellin Betances","NYM",7.1,38,3.6818,7.3637,0.5,0,0.0789,0.1579,-0.079,0.3,2.0455,0.3333,0.5882,5.644209718322754,7.777121448970709,6216
2020,"Trevor Cahill","SFG",12,54,9.75,5.25,1.8571,2.25,0.2407,0.1296,0.1111,0.2444,1.5,0.2667,0.8108,6.2729097183227545,5.141076354434094,6249
2020,"David Phelps","2 Tms",11,42,10.6364,1.6364,6.5,1.6364,0.3095,0.0476,0.2619,0.1795,0.8182,0.2083,0.5556,4.007809718322754,2.888373336737806,6316
2020,"Jake Odorizzi","MIN",6,31,4.5,3,1.5,3,0.0968,0.0645,0.0323,0.3929,2.1667,0.3913,0.625,8.022909718322754,6.296543014049531,6397
2020,"Trevor May","MIN",9,41,13,3,4.3333,2,0.3171,0.0732,0.2439,0.2895,1.5556,0.3913,0.8036,4.189609718322754,3.473165242539512,6398
2020,"Jose Cisnero","DET",13,54,9.6923,3.4615,2.8,0.6923,0.2593,0.0926,0.1667,0.2083,1.1538,0.2727,0.7534,3.420409718322754,4.074778925226285,6399
2020,"Steve Cishek","CHW",8.1,38,10.8,4.32,2.5,1.08,0.2632,0.1053,0.1579,0.2727,1.56,0.3636,0.873,4.149609718322754,4.231981864119206,6483
2020,"Alex Cobb","BAL",18.2,85,7.2321,2.4107,3,2.4107,0.1765,0.0588,0.1177,0.2785,1.4464,0.2881,0.6667,6.028909718322755,4.1178937522937415,6562
2020,"Carlos Carrasco","CLE",16.1,66,8.8163,3.3061,2.6667,1.6531,0.2424,0.0909,0.1515,0.2203,1.1633,0.25,0.8861,4.903909718322754,4.192028066429453,6632
2020,"Craig Kimbrel","CHC",6,32,18,13.5,1.3333,0,0.375,0.2813,0.0937,0.1429,2,0.3333,0.6429,4.689609718322755,5.993076366186143,6655
2020,"Alex Colome","CHW",10.1,44,6.9678,4.3549,1.6,0,0.1818,0.1136,0.0682,0.2051,1.2581,0.2581,0.8462,3.092809718322754,4.4173297886357785,6661
2020,"Julio Teheran","LAA",17,73,5.8235,2.6471,2.2,1.0588,0.1507,0.0685,0.0822,0.2769,1.3529,0.2909,0.4455,4.3072097183227545,5.308103799469331,6797
2020,"Johnny Cueto","SFG",21.1,88,6.75,3.7969,1.7778,1.2656,0.1818,0.1023,0.0795,0.1923,1.125,0.2034,0.7692,4.924009718322754,5.387113118869179,6893
2020,"Chase Anderson","TOR",7,32,5.1429,3.8571,1.3333,3.8571,0.125,0.0938,0.0312,0.3448,1.8571,0.3182,0.6818,8.903909718322755,6.125609678030014,6895
2020,"Martin Perez","BOS",25.2,108,6.3117,5.961,1.0588,1.0519,0.1667,0.1574,0.0093,0.2022,1.3636,0.2206,0.8232,5.527309718322754,6.140733127653221,6902
2020,"Joakim Soria","OAK",7,32,9,5.1429,1.75,0,0.2188,0.125,0.0938,0.2593,1.5714,0.3333,0.8182,2.9039097183227542,4.859095404403551,6941
2020,"Ian Kennedy","KCR",11.2,52,9.2571,1.5429,6,4.6286,0.2308,0.0385,0.1923,0.3,1.4571,0.2813,0.6977,8.332409718322754,5.166106877562019,6986
2020,"Ryan Pressly","HOU",5.1,29,8.4376,6.75,1.25,0,0.1724,0.1379,0.0345,0.3333,2.25,0.4211,0.6154,4.127109718322754,5.960127007613702,7005
2020,"Daniel Bard","COL",9.1,42,11.5715,3.8572,3,0.9643,0.2857,0.0952,0.1905,0.2432,1.3929,0.3333,0.7937,3.618209718322754,3.6917257761549864,7115
2020,"Daniel Hudson","WSN",9.2,39,13.0344,1.8621,7,3.7241,0.359,0.0513,0.3077,0.1714,0.8276,0.1176,0.6818,6.913709718322754,3.961579435138315,7146
2020,"Greg Holland","KCR",14,57,9.6429,1.9286,5,0,0.2632,0.0526,0.2106,0.2041,0.9286,0.2778,0.8125,2.332509718322754,4.008352551289967,7196
2020,"Craig Stammen","SDP",8,40,5.625,4.5,1.25,2.25,0.125,0.1,0.025,0.3333,2,0.3448,0.6061,6.689609718322754,5.150409693643451,7274
2020,"Javy Guerra","WSN",7.1,38,7.3637,7.3637,1,2.4546,0.1579,0.1579,0,0.3438,2.3182,0.375,0.7746,7.553309718322753,6.940608544191858,7407
2020,"J.A. Happ","NYY",15.1,65,9.3913,2.9348,3.2,2.3478,0.2462,0.0769,0.1693,0.2667,1.3696,0.3,0.7143,5.472209718322754,4.12112475740249,7410
2020,"Gio Gonzalez","CHW",14,62,7.7143,6.4286,1.2,0.6429,0.1935,0.1613,0.0322,0.2549,1.6429,0.3077,0.9259,4.546709718322754,5.154409696161747,7448
2020,"Jake McGee","LAD",7.2,30,12.913,0,11,1.1739,0.3667,0,0.3667,0.2069,0.7826,0.2778,0.4348,2.0157097183227544,2.360256773034776,7550
2020,"Nick Vincent","MIA",11,39,7.3636,0.8182,9,0.8182,0.2308,0.0256,0.2052,0.2105,0.8182,0.25,0.7895,3.007809718322754,3.6034278745001016,7555
2020,"Jordan Lyles","TEX",19.1,88,4.1897,4.6552,0.9,1.3966,0.1023,0.1136,-0.0113,0.2857,1.6552,0.2879,0.4676,5.827509718322754,6.136318213576377,7593
2020,"Tommy Milone","2 Tms",16.2,76,8.64,2.16,4,2.16,0.2105,0.0526,0.1579,0.2714,1.38,0.3,0.5155,5.469609718322754,5.047793112133543,7608
2020,"Mike Fiers","OAK",27.2,115,6.8313,2.6024,2.625,1.6265,0.1826,0.0696,0.113,0.2523,1.2651,0.2716,0.75,4.888409718322754,4.800441479878799,7754
2020,"Richard Bleier","2 Tms",7.1,29,6.1363,1.2273,5,0,0.1724,0.0345,0.1379,0.2222,0.9545,0.2727,0.625,2.644209718322754,2.644160131500816,7803
2020,"Josh Lindblom","MIL",19.2,82,11.8983,4.1186,2.8889,0.9153,0.3171,0.1098,0.2073,0.2222,1.2712,0.3182,0.6034,3.393009718322754,3.6616360139758792,7882
2020,"Anthony Bass","TOR",12.1,44,6.5676,2.1892,3,0.7297,0.2045,0.0682,0.1363,0.1463,0.7297,0.1613,0.7895,3.5139097183227537,4.362239887177885,7982
2020,"Marcus Walden","BOS",5,19,7.2,1.8,4,0,0.2105,0.0526,0.1579,0.2222,1,0.2857,0.8,2.189609718322754,4.144809690117836,8004
2020,"Will Smith","ATL",6.1,28,9.9474,2.8421,3.5,5.6842,0.25,0.0714,0.1786,0.2692,1.4211,0.2,1,10.137009718322755,5.013619273838965,8048
2020,"Brett Anderson","MIL",15.1,64,6.4565,2.3478,2.75,0.587,0.1719,0.0625,0.1094,0.2712,1.3044,0.3191,0.7143,3.5809097183227543,3.880706856326689,8223
2020,"Tanner Roark","TOR",22.1,100,7.6567,4.0299,1.9,2.0149,0.19,0.1,0.09,0.3111,1.7015,0.3485,0.7742,5.741809718322754,5.19515297607988,8753
2020,"Wade Miley","CIN",9,37,6,4,1.5,1,0.1622,0.1081,0.0541,0.2424,1.3333,0.2692,0.8491,4.634009718322754,4.493076366186142,8779
2020,"Cesar Valdez","BAL",5,19,10.8,1.8,6,0,0.3158,0.0526,0.2632,0.1667,0.8,0.25,0.75,1.389609718322754,2.9537696957588198,9013
2020,"Brad Hand","CLE",6.1,24,9.9474,2.8421,3.5,0,0.2917,0.0833,0.2084,0.1429,0.7895,0.2,0.6,1.926409718322754,4.087467044292718,9111
2020,"Nathan Eovaldi","BOS",22.1,98,7.6567,2.0149,3.8,2.0149,0.1939,0.051,0.1429,0.3111,1.4776,0.3433,0.7143,5.338909718322754,4.617074503861705,9132
2020,"Patrick Corbin","WSN",21.1,100,5.9063,4.2188,1.4,1.2656,0.14,0.1,0.04,0.3034,1.7344,0.3288,0.7012,5.111509718322754,5.208012844313422,9323
2020,"Jared Hughes","NYM",7.2,38,8.2174,7.0434,1.1667,0,0.1842,0.1579,0.0263,0.2333,1.6956,0.3043,0.4667,4.4939097183227545,5.514051771250394,9325
2020,"Josh Tomlin","ATL",15,67,7.8,3.6,2.1667,0.6,0.194,0.0896,0.1044,0.3103,1.6,0.3696,0.5932,3.722909718322754,5.202516351143519,9388
2020,"Dallas Keuchel","CHW",29.1,121,4.6023,1.8409,2.5,0.6136,0.124,0.0496,0.0744,0.2456,1.1591,0.2653,0.8654,3.666909718322754,4.246919989567101,9434
2020,"Jeremy Jeffress","CHC",7.2,27,7.0434,4.6956,1.5,0,0.2222,0.1481,0.0741,0.0476,0.6522,0.0625,0.8333,3.5809097183227543,4.601012262726517,9490
2020,"David Hale","2 Tms",7.1,31,6.1363,3.6818,1.6667,0,0.1613,0.0968,0.0645,0.3214,1.6363,0.3913,0.9167,3.053209718322754,4.119710338387162,9756
2020,"Garrett Richards","SDP",29.1,116,7.3636,1.5341,4.8,0.9205,0.2069,0.0431,0.1638,0.2545,1.125,0.3012,0.8054,3.496409718322754,3.766592169089697,9784
2020,"Sergio Romo","MIN",5.2,27,11.1176,6.3529,1.75,1.5882,0.2593,0.1481,0.1112,0.2381,1.5882,0.2857,0.5814,5.660209718322754,5.436278825699269,9817
2020,"Brandon Kintzler","MIA",11.1,46,3.1765,3.9706,0.8,0.7941,0.087,0.1087,-0.0217,0.2,1.1471,0.1944,0.8621,4.9543097183227545,5.3599219615489755,9939
2020,"Mike Minor","TEX",16.2,72,7.02,2.7,2.6,2.7,0.1806,0.0694,0.1112,0.2727,1.38,0.2653,0.5,6.429609718322754,5.227781603056198,10021
2020,"Tyler Matzek","ATL",12.2,50,11.3684,2.8421,4,0.7105,0.32,0.08,0.24,0.1739,0.9474,0.2414,0.8491,2.637009718322754,3.617313826996368,10058
2020,"Brooks Raley","2 Tms",7,28,11.5714,2.5714,4.5,1.2857,0.3214,0.0714,0.25,0.1667,0.8571,0.2,0.5357,3.761009718322754,3.300466841033527,10061
2020,"Caleb Thielbar","MIN",7.2,31,12.913,2.3478,5.5,0,0.3548,0.0645,0.2903,0.2069,1.0435,0.3333,1,1.102709718322754,2.6328121171084757,10078
2020,"Kyle Gibson","TEX",22,99,7.3636,3.6818,2,1.2273,0.1818,0.0909,0.0909,0.2614,1.4545,0.2985,0.7383,4.826009718322754,4.20859151983803,10123
2020,"Brad Boxberger","MIA",8.2,35,6.2307,4.1538,1.5,2.0769,0.1714,0.1143,0.0571,0.1613,1.0385,0.1304,1,6.189609718322754,4.994402750775782,10133
2020,"Ryan Weber","BOS",12.1,53,5.1081,4.3784,1.1667,1.4595,0.1321,0.1132,0.0189,0.234,1.3784,0.2368,0.7042,5.6220097183227535,5.257766634131654,10160
2020,"Ryan Tepera","CHC",9.2,44,17.6896,4.6552,3.8,1.8621,0.4318,0.1136,0.3182,0.2368,1.4483,0.4118,0.6557,3.8103097183227543,2.131958178394486,10291
2020,"Zack Wheeler","PHI",19,79,8.0526,0.9474,8.5,0.9474,0.2152,0.0253,0.1899,0.2568,1.1053,0.3091,0.7547,3.558009718322754,3.527378120077284,10310
2020,"Aaron Loup","TBR",10.1,41,8.7097,2.6129,3.3333,1.7419,0.2439,0.0732,0.1707,0.2,0.9677,0.2083,0.8696,5.221909718322754,3.841018254876468,10343
2020,"Robbie Erlin","2 Tms",17.2,82,9.1698,2.0377,4.5,3.5661,0.2195,0.0488,0.1707,0.3158,1.5849,0.3269,0.4688,7.151909718322754,5.542433640155061,10354
2020,"Mychal Givens","2 Tms",10.1,42,11.3225,2.6129,4.3333,1.7419,0.3095,0.0714,0.2381,0.2632,1.2581,0.3333,0.8824,4.060609718322754,4.382634238512259,10430
2020,"Scott Alexander","LAD",7.1,28,6.1364,3.6818,1.6667,1.2273,0.1786,0.1071,0.0715,0.24,1.2273,0.2632,0.7895,4.826009718322753,3.3198648519999634,10591
2020,"Trevor Rosenthal","2 Tms",12,50,14.25,5.25,2.7143,0.75,0.38,0.14,0.24,0.1905,1.25,0.3182,0.8219,3.1063097183227546,3.652276361485323,10745
2020,"Shane Greene","ATL",13.1,47,4.725,2.7,1.75,0,0.1489,0.0851,0.0638,0.1429,0.75,0.1714,0.9091,3.2646097183227543,5.024294279649731,10756
2020,"Asher Wojciechowski","BAL",16.1,74,7.1633,4.9592,1.4444,2.2041,0.1757,0.1216,0.0541,0.2857,1.6531,0.2979,0.7143,6.618209718322754,6.187754572778797,10836
2020,"Chasen Shreve","NYM",7.2,26,12.913,1.1739,11,1.1739,0.4231,0.0385,0.3846,0.08,0.3913,0.0769,0.625,2.407009718322754,1.731459521651478,10855
2020,"Josh A. Smith","MIA",7.1,37,4.9091,3.6818,1.3333,2.4546,0.1081,0.0811,0.027,0.3667,1.9091,0.3333,0.5738,7.2805097183227545,6.667880031789529,10946
2020,"Jacob deGrom","NYM",18,70,13,1.5,8.6667,0.5,0.3714,0.0429,0.3285,0.1791,0.8333,0.275,0.8824,1.522909718322754,1.8869430359866886,10954
2020,"Merrill Kelly","ARI",18.2,72,8.6786,1.4464,6,1.4464,0.25,0.0417,0.2083,0.2059,0.9107,0.234,0.8696,3.993209718322754,4.103493768942132,11156
2020,"Vince Velasquez","PHI",5,22,12.6,3.6,3.5,3.6,0.3182,0.0909,0.2273,0.25,1.4,0.2727,0.7143,6.789609718322755,3.544809690117836,11189
2020,"Grant Dayton","ATL",9.1,44,9.6429,2.8929,3.3333,0.9643,0.2273,0.0682,0.1591,0.2821,1.5,0.3448,0.7353,3.725309718322754,5.055787772530383,11203
2020,"Jose Quintana","CHC",6,24,13.5,3,4.5,1.5,0.375,0.0833,0.2917,0.2727,1.3333,0.4167,0.6061,3.3563097183227546,2.4930763661861426,11423
2020,"Drew Pomeranz","SDP",8,28,12.375,2.25,5.5,0,0.3929,0.0714,0.3215,0.12,0.625,0.2,1,1.189609718322754,3.144809690117836,11426
2020,"Brandon Workman","2 Tms",10,55,11.7,8.1,1.4444,0,0.2364,0.1636,0.0728,0.3696,2.6,0.5152,0.7692,3.289609718322754,4.4627297013998035,11428
2020,"A.J. Cole","TOR",11.1,48,6.353,4.7647,1.3333,1.5882,0.1667,0.125,0.0417,0.2143,1.3235,0.2188,0.9016,5.660209718322754,6.298889409190939,11467
2020,"Robbie Ray","2 Tms",19.2,100,13.7289,6.8644,2,3.2034,0.3,0.15,0.15,0.3333,2.1864,0.4375,0.7229,7.054009718322753,5.111161956049012,11486
2020,"Josh Osich","2 Tms",8,38,12.375,3.375,3.6667,5.625,0.2895,0.0789,0.2106,0.2647,1.5,0.2222,0.6667,10.064609718322753,4.628009679540992,11528
2020,"Jose Urena","MIA",5,22,3.6,5.4,0.6667,0,0.0909,0.1364,-0.0455,0.2353,1.4,0.2667,0.6667,5.389609718322754,8.12688967883587,11589
2020,"Dovydas Neverauskas","PIT",6,24,6,3,2,0,0.1667,0.0833,0.0834,0.2273,1.1667,0.2778,1,2.8563097183227546,4.485609694818656,11604
2020,"Heath Hembree","2 Tms",9,35,11,1,11,4,0.3143,0.0286,0.2857,0.2121,0.8889,0.1667,1,7.189609718322755,3.5842763536506235,11632
2020,"Luke Jackson","ATL",9,49,5,6,0.8333,0,0.102,0.1224,-0.0204,0.375,2.3333,0.3947,0.619,4.0785097183227546,6.033698579006725,11752
2020,"Kyle Ryan","CHC",5.2,25,7.9411,3.1765,2.5,4.7647,0.2,0.08,0.12,0.3043,1.5882,0.2667,1,9.366009718322754,4.8989643343365845,11753
2020,"Drew Smyly","SFG",8.1,36,12.9601,3.24,4,1.08,0.3333,0.0833,0.25,0.1875,1.08,0.25,0.7895,2.949609718322754,3.501226934330307,11760
2020,"Hansel Robles","LAA",9.2,44,10.2413,3.7241,2.75,0,0.25,0.0909,0.1591,0.2632,1.4483,0.3571,0.4667,2.465509718322754,5.094872076039045,11801
2020,"James Paxton","NYY",7.1,33,14.7273,2.4546,6,2.4546,0.3636,0.0606,0.303,0.3,1.5,0.4375,0.6522,4.689609718322753,3.2771009943322795,11828
2020,"Taijuan Walker","2 Tms",15,66,6,1.8,3.3333,1.2,0.1515,0.0455,0.106,0.3115,1.4667,0.3469,0.7547,4.5896097183227536,4.681129691998164,11836
2020,"Chris Martin","ATL",7,22,12.8571,0,10,1.2857,0.4545,0,0.4545,0.0455,0.1429,0,1,2.189609718322754,2.0083525512899674,11847
2020,"Matt Andriese","LAA",11.2,44,6.9428,3.8571,1.8,0,0.2045,0.1136,0.0909,0.1795,1.0286,0.2333,0.8333,2.9325097183227546,4.6083484977505975,12022
2020,"Kyle Hendricks","CHC",22.1,99,8.0597,1.6119,5,1.6119,0.202,0.0404,0.1616,0.3191,1.5224,0.3662,0.7394,4.264209718322754,4.124536455297453,12049
2020,"Yimi Garcia","MIA",5.2,23,11.1176,4.7647,2.3333,0,0.3043,0.1304,0.1739,0.15,1.0588,0.2308,1,2.307309718322754,3.6873950055587694,12095
2020,"Dan Winkler","CHC",5.2,27,6.3529,12.7058,0.5,3.1765,0.1481,0.2963,-0.1482,0.1579,1.9412,0.0769,0.8537,10.601309718322753,8.083322078386018,12237
2020,"Evan Marshall","CHW",11,42,13.0909,1.6364,8,0,0.381,0.0476,0.3334,0.175,0.8182,0.2917,0.6667,0.8260097183227542,2.070191518555988,12297
2020,"Chris Bassitt","OAK",19.2,86,7.322,2.7458,2.6667,2.2881,0.186,0.0698,0.1162,0.2468,1.2712,0.2456,0.75,6.087909718322754,5.268250227146149,12304
2020,"Colin Rea","CHC",8.2,39,8.3077,2.0769,4,2.0769,0.2051,0.0513,0.1538,0.25,1.2692,0.2593,0.7317,5.035709718322754,4.06616016383901,12317
2020,"Jacob Barnes","LAA",7.2,34,14.0869,2.3478,6,1.1739,0.3529,0.0588,0.2941,0.2759,1.3043,0.3889,0.5208,2.928709718322754,2.7632463326118866,12323
2020,"Nick Tropeano","PIT",6.2,27,8.1,2.7,3,0,0.2222,0.0741,0.1481,0.2083,1.05,0.2778,1,2.739609718322754,5.672397262077658,12385
2020,"Seth Lugo","NYM",8.1,32,10.8,1.08,10,0,0.3125,0.0313,0.2812,0.1935,0.84,0.2857,0.7143,1.149609718322754,2.088101298750715,12447
2020,"Blake Treinen","LAD",10.2,44,5.0625,4.2187,1.2,0,0.1364,0.1136,0.0228,0.1622,1.0312,0.1875,0.5,3.752109718322754,4.668605083241183,12572
2020,"Ryne Harper","WSN",8.1,33,7.56,1.08,7,2.16,0.2121,0.0303,0.1818,0.25,1.08,0.2609,0.4839,4.989609718322754,4.215853789453137,12680
2020,"Trevor Bauer","CIN",34,128,12.1765,2.1176,5.75,0.7941,0.3594,0.0625,0.2969,0.1368,0.7059,0.1912,0.9649,2.601409718322754,3.4095155724707773,12703
2020,"Adrian Houser","MIL",28.2,115,7.2209,3.4535,2.0909,0.9419,0.2,0.0957,0.1043,0.2353,1.2209,0.2763,0.7317,4.305909718322754,3.7638788062031514,12718
2020,"Sonny Gray","CIN",19.2,92,9.6102,5.4915,1.75,0,0.2283,0.1304,0.0979,0.2532,1.6271,0.3448,0.6667,3.0371097183227542,4.528319292218031,12768
2020,"Jairo Diaz","COL",8,38,6.75,4.5,1.5,0,0.1579,0.1053,0.0526,0.2414,1.375,0.28,0.7857,4.314609718322754,6.025409693643451,12774
2020,"Noe Ramirez","LAA",8.2,38,8.3077,4.1538,2,1.0385,0.2105,0.1053,0.1052,0.2059,1.2692,0.24,0.7292,4.228109718322754,5.209663451548307,12800
2020,"Matt Wisler","MIN",13.1,57,10.8,6.075,1.7778,1.35,0.2807,0.1579,0.1228,0.1667,1.275,0.2,1,4.764609718322754,5.7474160705312585,12804
2020,"Mike Clevinger","2 Tms",10,42,6.3,5.4,1.1667,1.8,0.1667,0.1429,0.0238,0.3611,1.9,0.4074,0.8025,6.189609718322754,5.935849684476853,12808
2020,"Shawn Armstrong","BAL",5.2,20,9.5294,1.5882,6,1.5882,0.3,0.05,0.25,0.1579,0.7059,0.1667,0.7692,3.895509718322754,3.671583323908102,12857
2020,"Matt Barnes","BOS",10,52,12.6,5.4,2.3333,2.7,0.2692,0.1154,0.1538,0.3333,2,0.4074,0.5618,6.689609718322754,4.158249698579311,12863
2020,"Tyler Anderson","SFG",21.1,100,6.75,5.0625,1.3333,1.2656,0.16,0.12,0.04,0.3176,1.8281,0.3529,0.6145,5.345909718322753,6.542189913099826,12880
2020,"Alex Claudio","MIL",6,26,7.5,1.5,5,0,0.1923,0.0385,0.1538,0.24,1.1667,0.3,0.2857,2.0229097183227545,4.629876347382864,12890
2020,"Dylan Bundy","LAA",28.2,109,10.9884,0.6279,17.5,0.314,0.3211,0.0183,0.3028,0.1714,0.6977,0.2464,0.6796,1.619809718322754,2.5986522452859804,12917
2020,"Archie Bradley","2 Tms",6.2,24,9.45,1.35,7,0,0.2917,0.0417,0.25,0.1739,0.75,0.25,0.8,1.5396097183227542,2.4194535564113506,12918
2020,"Joe Musgrove","PIT",9,44,9,8,1.125,2,0.2045,0.1818,0.0227,0.3143,2.1111,0.36,0.679,6.745209718322754,6.245965239405632,12970
2020,"Colten Brewer","BOS",12.1,59,7.2973,6.5676,1.1111,2.9189,0.1695,0.1525,0.017,0.28,1.8649,0.2778,0.8621,7.973409718322754,5.65954069069357,12997
2020,"Anthony DeSclafani","CIN",19.1,80,5.5862,3.7241,1.5,0.4655,0.15,0.1,0.05,0.2,1.1379,0.2241,0.8796,4.017209718322754,4.861750510475477,13050
2020,"Yu Darvish","CHC",13,52,8.3077,2.0769,4,0,0.2308,0.0577,0.1731,0.25,1.1538,0.3243,0.9333,2.035809718322754,3.8405635384412915,13074
2020,"Gerrit Cole","NYY",27.1,112,13.5,2.6341,5.125,2.3049,0.3661,0.0714,0.2947,0.1942,1.0244,0.2364,0.625,4.506709718322754,3.466429535082627,13125
2020,"Zach Davies","SDP",34.2,136,7.5288,2.8558,2.6364,0.7788,0.2132,0.0809,0.1323,0.2016,1.0385,0.2366,0.6604,3.593409718322754,4.498854583989892,13183
2020,"Michael Fulmer","DET",8.1,40,10.8,4.32,2.5,2.16,0.25,0.1,0.15,0.3429,1.92,0.4348,0.5634,5.7096097183227545,4.4666067992343566,13218
2020,"Ross Stripling","LAD",15,66,7.2,4.2,1.7143,2.4,0.1818,0.1061,0.0757,0.2414,1.4,0.2381,0.7317,6.656309718322754,6.057236343622208,13273
2020,"Luis Cessa","NYY",6.2,26,8.1,1.35,6,0,0.2308,0.0385,0.1923,0.2,0.9,0.2632,1,1.839609718322754,4.185844703301928,13345
2020,"Cam Bedrosian","LAA",5.2,21,7.9411,3.1765,2.5,0,0.2381,0.0952,0.1429,0.1579,0.8823,0.2143,0.8,2.4837097183227543,5.2439975938694845,13360
2020,"Steven Matz","NYM",8.1,41,10.8,3.24,3.3333,3.24,0.2439,0.0732,0.1707,0.3333,1.8,0.36,0.3704,6.549609718322754,3.981228854337987,13361
2020,"Dylan Floro","LAD",9.1,36,5.7857,1.9286,3,0,0.1667,0.0556,0.1111,0.25,1.0714,0.2857,1,2.546709718322754,3.803669036117156,13394
2020,"Sam Selman","SFG",7,24,9,2.5714,3.5,0,0.2917,0.0833,0.2084,0.0909,0.5714,0.1333,1,2.046709718322754,4.281266828945705,13397
2020,"Felix Pena","LAA",9,35,12,2,6,0,0.3429,0.0571,0.2858,0.1818,0.8889,0.2857,0.75,1.189609718322754,2.7103208074967067,13403
2020,"Pierce Johnson","SDP",7,30,11.5714,3.8571,3,0,0.3,0.1,0.2,0.2963,1.5714,0.4444,0.6364,1.903909718322754,3.5797811227185385,13435
2020,"Lucas Sims","CIN",8.2,33,10.3846,4.1538,2.5,1.0385,0.303,0.1212,0.1818,0.0714,0.6923,0.0588,0.5357,4.112709718322754,4.643081021835711,13470
2020,"Daniel Norris","DET",13.2,54,9.878,0.6585,15,0.6585,0.2778,0.0185,0.2593,0.2264,0.9512,0.2973,0.7759,2.165209718322754,2.501572353498454,13475
2020,"Blake Snell","TBR",18,72,9,2,4.5,3,0.25,0.0556,0.1944,0.2353,1.1111,0.2273,1,6.189609718322754,3.920098577439785,13543
2020,"Richard Rodriguez","PIT",6.2,30,8.1,4.05,2,2.7,0.2,0.1,0.1,0.2692,1.5,0.2632,0.5556,6.639609718322754,6.5522328502075045,13549
2020,"Jakob Junis","KCR",8,38,10.125,1.125,9,3.375,0.2368,0.0263,0.2105,0.3235,1.5,0.3478,0.7143,6.939609718322754,4.508609683066607,13619
2020,"John Gant","STL",5.1,18,16.8751,1.6875,10,0,0.5556,0.0556,0.5,0.0588,0.375,0.1429,1,0.002109718322754084,0.0020897963232417993,13684
2020,"Robert Gsellman","NYM",5.2,26,7.9411,3.1765,2.5,1.5882,0.1923,0.0769,0.1154,0.3043,1.5882,0.3529,0.9302,5.3072097183227545,5.083339725341035,13696
2020,"Max Fried","ATL",21.1,86,9.7031,3.375,2.875,0,0.2674,0.093,0.1744,0.2,1.0781,0.283,0.84,2.4396097183227536,3.6310603909020576,13743
2020,"Tyler Duffey","MIN",6.2,26,10.7999,2.7,4,1.35,0.3077,0.0769,0.2308,0.1304,0.75,0.1429,0.8696,4.089609718322754,3.312729085802966,13758
2020,"Chris Stratton","PIT",9.1,39,11.5715,2.8929,4,1.9286,0.3077,0.0769,0.2308,0.2222,1.1786,0.2727,0.6098,4.368209718322754,3.467839256230647,13761
2020,"Zach Eflin","PHI",9.1,44,13.5,5.7857,2.3333,0,0.3182,0.1364,0.1818,0.2895,1.8214,0.4583,0.5882,2.1182097183227544,4.4225283740764425,13774
2020,"Matt Strahm","SDP",11,48,7.3636,1.6364,4.5,1.6364,0.1875,0.0417,0.1458,0.25,1.1818,0.2727,0.8197,5.007809718322754,4.777100596644662,13799
2020,"Walker Lockett","2 Tms",9.1,47,7.7143,2.8929,2.6667,0.9643,0.1702,0.0638,0.1064,0.3571,1.9286,0.4242,0.6452,4.475309718322754,5.177331072822323,13804
2020,"Alec Mills","CHC",21,88,6,2.1429,2.8,2.5714,0.1591,0.0568,0.1023,0.2439,1.1905,0.2222,0.7229,6.284809718322754,4.6188668316318875,13834
2020,"Brent Suter","MIL",11,52,11.4545,0.8182,14,1.6364,0.2692,0.0192,0.25,0.34,1.6364,0.4412,0.6173,3.553209718322754,3.144809690117836,13942
2020,"Michael Wacha","NYM",15,73,10.8,3,3.6,1.8,0.2466,0.0685,0.1781,0.3333,1.8,0.4222,0.6855,4.789609718322755,4.79654301404953,14078
2020,"Kevin Gausman","SFG",20.2,82,8.7097,1.3064,6.6667,1.7419,0.2439,0.0366,0.2073,0.2105,0.9194,0.2182,0.6716,4.205709718322754,4.054769579107353,14107
2020,"Lance McCullers Jr.","HOU",12.2,70,4.9737,6.3947,0.7778,2.1316,0.1,0.1286,-0.0286,0.3929,2.4474,0.3958,0.5034,8.005409718322754,7.2418095475542215,14120
2020,"Chris Mazza","BOS",14.2,62,7.9773,3.0682,2.6,1.2273,0.2097,0.0806,0.1291,0.2857,1.4318,0.3415,0.7813,4.416909718322755,4.510479416696018,14151
2020,"Jose Berrios","MIN",20,93,8.55,4.5,1.9,1.8,0.2043,0.1075,0.0968,0.3171,1.8,0.3667,0.6908,5.389609718322754,4.84256968870759,14168
2020,"Kyle Zimmer","KCR",8.2,35,9.3461,6.2307,1.5,0,0.2571,0.1714,0.0857,0.1071,1.0385,0.1579,0.9,3.535809718322754,5.114956136517174,14169
2020,"Josh Hader","MIL",6.1,25,12.7895,4.2632,3,0,0.36,0.12,0.24,0.0952,0.7895,0.1667,0.8333,2.242209718322754,4.094540770186789,14212
2020,"Wandy Peralta","SFG",11,50,7.3636,4.0909,1.8,1.6364,0.18,0.1,0.08,0.2326,1.3636,0.2424,0.6061,5.553209718322754,4.433827882192352,14295
2020,"Frankie Montas","OAK",17,84,10.0588,5.8235,1.7273,2.1176,0.2262,0.131,0.0952,0.3056,1.9412,0.36,0.5839,5.9543097183227545,4.9657038061057825,14309
2020,"Tyler Glasnow","TBR",20.1,86,13.2787,3.9836,3.3333,0.8852,0.3488,0.1047,0.2441,0.1974,1.1803,0.2889,0.7075,2.8453097183227545,3.297491837423514,14374
2020,"Amir Garrett","CIN",6.2,21,14.8499,1.35,11,0,0.5238,0.0476,0.4762,0,0.15,0,1,0.339609718322754,0.926181027004735,14375
2020,"Hyun Jin Ryu","TOR",26.2,104,9.7875,2.7,3.625,0.3375,0.2788,0.0769,0.2019,0.1789,0.9375,0.2462,0.813,2.5146097183227543,3.0535898735399787,14444
2020,"J.B. Wendelken","OAK",7.1,32,13.5001,6.1364,2.2,1.2273,0.3438,0.1563,0.1875,0.1923,1.3636,0.2667,0.814,4.007809718322754,3.8347762641848475,14506
2020,"Jorge Lopez","2 Tms",11,51,7.3636,4.0909,1.8,1.6364,0.1765,0.098,0.0785,0.2955,1.6364,0.3143,0.5263,5.280509718322754,4.872082417390563,14527
2020,"Carlos Estevez","COL",10.2,50,8.4375,2.5312,3.3333,2.5312,0.2,0.06,0.14,0.3043,1.5937,0.3333,0.7971,6.095809718322754,4.822504581151564,14542
2020,"Dakota Bacus","WSN",8.1,42,5.4,7.56,0.7143,0,0.119,0.1667,-0.0477,0.2941,2.04,0.3333,0.6471,4.509609718322754,7.325114219725678,14545
2020,"James Hoyt","MIA",6.2,30,14.8499,5.4,2.75,1.35,0.3667,0.1333,0.2334,0.2083,1.35,0.3077,0.9302,4.089609718322754,4.192564673932813,14605
2020,"Rowan Wick","CHC",5.1,25,11.8126,3.375,3.5,0,0.28,0.08,0.2,0.3043,1.6875,0.4375,0.6667,1.689609718322754,3.522611773143486,14646
2020,"Duane Underwood Jr.","CHC",11,41,10.6364,2.4545,4.3333,0.8182,0.3171,0.0732,0.2439,0.2105,1,0.2917,0.625,2.826009718322754,3.5993551446632908,14677
2020,"Luis Perdomo","SDP",9.2,45,5.5862,7.4483,0.75,2.7931,0.1333,0.1778,-0.0445,0.2703,1.8621,0.25,0.5797,8.465409718322753,6.4535984340117505,14682
2020,"Brady Lail","SEA",8,35,9,3.375,2.6667,3.375,0.2286,0.0857,0.1429,0.2333,1.25,0.2105,0.8974,7.939609718322754,5.508609683066607,14707
2020,"Edwin Diaz","NYM",6.1,26,18.4738,4.2632,4.3333,1.4211,0.5,0.1154,0.3846,0.2174,1.2632,0.4444,0.7576,2.558009718322754,1.4315372940550337,14710
2020,"Ty Buttrey","LAA",10,41,4.5,3.6,1.25,1.8,0.122,0.0976,0.0244,0.2286,1.2,0.2069,0.5882,6.289609718322755,6.035849684476853,14719
2020,"Julio Urias","LAD",11.2,55,12.3428,3.8571,3.2,0.7714,0.2909,0.0909,0.2,0.3,1.7143,0.4242,0.6989,2.8467097183227548,3.7435281066880153,14765
2020,"Emilio Pagan","SDP",8,36,10.125,6.75,1.5,1.125,0.25,0.1667,0.0833,0.2414,1.625,0.3,0.6897,4.814609718322754,6.611209668964148,14771
2020,"Buck Farmer","DET",8,38,6.75,4.5,1.5,1.125,0.1579,0.1053,0.0526,0.2647,1.625,0.2963,0.7759,4.814609718322754,4.900409693643451,14814
2020,"Michael Lorenzen","CIN",8.2,48,5.1923,11.423,0.4545,0,0.1042,0.2292,-0.125,0.3429,2.6538,0.375,0.6957,5.843409718322754,7.873837826617231,14843
2020,"Zack Godley","BOS",6,34,6,10.5,0.5714,3,0.1176,0.2059,-0.0883,0.3077,2.5,0.3,0.6061,10.189609718322755,8.463209680716197,14862
2020,"Taylor Williams","SEA",6,29,13.5,6,2.25,0,0.3103,0.1379,0.1724,0.2917,1.8333,0.4667,0.5,2.6896097183227545,4.31894302815199,14899
2020,"Jon Gray","COL",14.1,63,5.0233,5.0233,1,0,0.127,0.127,0,0.2453,1.4651,0.2826,0.7273,3.957009718322754,6.412426480150907,14916
2020,"Tyler Webb","STL",7,29,9,3.8571,2.3333,0,0.2414,0.1034,0.138,0.1538,1,0.2105,1,2.475309718322754,4.989152539202145,14974
2020,"Chad Kuhl","PIT",12.1,49,5.8379,4.3784,1.3333,2.1892,0.1633,0.1224,0.0409,0.2326,1.2973,0.2188,0.9322,6.513909718322754,5.729724657303095,14975
2020,"Giovanny Gallegos","STL",5.1,20,16.8751,3.375,5,0,0.5,0.1,0.4,0.0556,0.5625,0.125,0.6667,0.5646097183227541,1.6644001698978101,14986
2020,"Scott Barlow","KCR",12.1,54,12.4054,5.1081,2.4286,0.7297,0.3148,0.1296,0.1852,0.2609,1.5405,0.3929,0.9677,3.4328097183227535,3.6470379633472527,14993
2020,"Kyle Finnegan","WSN",7,36,10.2857,7.7143,1.3333,2.5714,0.2222,0.1667,0.0555,0.2414,1.8571,0.2632,0.5357,7.618209718322754,6.417723967773574,15009
2020,"German Marquez","COL",30.2,125,8.2174,3.2283,2.5455,1.1739,0.224,0.088,0.136,0.2054,1.1087,0.2317,0.7746,4.135309718322754,4.161034724549939,15038
2020,"Lou Trivino","OAK",12.1,48,11.6757,2.1892,5.3333,0.7297,0.3333,0.0625,0.2708,0.1778,0.8919,0.25,0.9375,2.3788097183227537,2.751511216393484,15043
2020,"Trevor Gott","SFG",6.1,27,7.1053,4.2632,1.6667,2.8421,0.1852,0.1111,0.0741,0.2083,1.2632,0.1765,0.9615,7.137009718322754,7.045040478485081,15046
2020,"Austin Voth","WSN",14.2,78,7.9773,4.9091,1.625,4.9091,0.1667,0.1026,0.0641,0.4058,2.4545,0.4167,0.7364,10.348709718322754,6.590511031834113,15047
2020,"Yency Almonte","COL",11,42,6.5455,1.6364,4,0,0.1905,0.0476,0.1429,0.1842,0.8182,0.2258,0.7,2.553209718322754,4.863936957716942,15068
2020,"Jake Newberry","KCR",6,24,6,6,1,1.5,0.1667,0.1667,0,0.1579,1.1667,0.1429,1,6.5229097183227545,7.289076342682044,15136
2020,"Aaron Slegers","TBR",11.1,47,5.5588,2.3824,2.3333,0.7941,0.1489,0.0638,0.0851,0.1951,0.9706,0.2059,0.5172,4.424909718322754,4.830508639745088,15231
2020,"Cody Reed","2 Tms",5.2,26,9.5294,7.9411,1.2,1.5882,0.2308,0.1923,0.0385,0.2381,1.7647,0.2857,0.9302,6.013109718322754,4.754118147458803,15232
2020,"Cole Sulser","BAL",7.1,34,9.8182,8.5909,1.1429,1.2273,0.2353,0.2059,0.0294,0.1923,1.6364,0.2222,0.566,5.644209718322754,5.471147338598822,15256
2020,"Steven Brault","PIT",13,61,9,5.5385,1.625,0.6923,0.2131,0.1311,0.082,0.2549,1.6154,0.3158,0.6796,4.266509718322754,4.77053277354974,15291
2020,"Andrew Heaney","LAA",23.2,103,8.7465,2.662,3.2857,1.1408,0.2233,0.068,0.1553,0.2581,1.3099,0.3043,0.5396,3.9079097183227542,4.5732246376085985,15423
2020,"Matthew Boyd","DET",25,110,10.8,2.88,3.75,2.88,0.2727,0.0727,0.2,0.2755,1.4,0.3167,0.7554,6.389609718322754,4.184809690117836,15440
2020,"Mike Mayers","LAA",7,29,12.8571,2.5714,5,0,0.3448,0.069,0.2758,0.1923,1,0.3125,0.75,1.6182097183227542,4.4113239637443,15451
2020,"Marco Gonzales","SEA",36.2,148,7.8545,0.9818,8,0.7364,0.2162,0.027,0.1892,0.2324,1.0091,0.2804,0.6897,2.998709718322754,4.38795041171959,15467
2020,"Lucas Giolito","CHW",23,90,12.5217,2.3478,5.3333,1.1739,0.3556,0.0667,0.2889,0.2024,1,0.2857,0.7447,2.885309718322754,2.6347575235625973,15474
2020,"Antonio Senzatela","COL",34.2,147,5.1923,2.3365,2.2222,1.8173,0.1361,0.0612,0.0749,0.2537,1.2404,0.25,0.8011,5.699209718322754,5.273823067156309,15488
2020,"Eric Yardley","MIL",8.1,35,5.4,3.24,1.6667,1.08,0.1429,0.0857,0.0572,0.2258,1.2,0.24,0.7292,4.989609718322754,4.368110418787196,15538
2020,"Tyler Rogers","SFG",10.1,46,6.9678,0,8,1.7419,0.1739,0,0.1739,0.2955,1.2581,0.3235,0.5738,4.738009718322754,4.1139997697052575,15541
2020,"Chad Green","NYY",10,40,9,4.5,2,0.9,0.25,0.125,0.125,0.1429,1,0.1667,0.2326,3.989609718322754,4.840329687297345,15552
2020,"Nick Wittgren","CLE",9.1,36,8.6786,2.8929,3,0.9643,0.25,0.0833,0.1667,0.1935,0.9643,0.2273,0.9302,3.939609718322754,4.013155495546841,15594
2020,"Phillips Valdez","BOS",11,41,9,2.4545,3.6667,0,0.2683,0.0732,0.1951,0.1842,0.9091,0.2593,1,2.007809718322754,3.429755152355541,15605
2020,"Miguel Castro","2 Tms",7.1,36,13.5001,3.6818,3.6667,2.4546,0.3056,0.0833,0.2223,0.303,1.7727,0.4,0.8824,4.962309718322754,3.2832101168562344,15684
2020,"Luis Castillo","CIN",35.1,150,10.9528,4.0755,2.6875,0.2547,0.2867,0.1067,0.18,0.2331,1.3302,0.3333,0.636,2.482109718322754,3.165519114391238,15689
2020,"Jimmy Cordero","CHW",7.2,40,11.7391,4.6956,2.5,1.1739,0.25,0.1,0.15,0.3143,1.9565,0.4167,0.7534,4.233109718322754,4.322613462119378,15690
2020,"Brad Keller","KCR",16.2,73,4.32,3.78,1.1429,0,0.1096,0.0959,0.0137,0.2623,1.38,0.2857,0.6,3.8496097183227542,5.257349562535525,15734
2020,"Joe Jimenez","DET",7.2,45,14.0869,5.8695,2.4,7.0434,0.2667,0.1111,0.1556,0.4286,2.6087,0.4737,0.4795,13.363509718322753,6.249909412003345,15761
2020,"Masahiro Tanaka","NYY",15.1,56,8.2174,0.587,14,0.587,0.25,0.0179,0.2321,0.1818,0.7174,0.225,0.7292,2.407009718322754,3.7268978115914173,15764
2020,"Devin Williams","MIL",8.2,35,17.6538,3.1154,5.6667,1.0385,0.4857,0.0857,0.4,0.1,0.6923,0.1538,0.7143,2.151109718322754,2.0047527174770448,15816
2020,"Paul Fry","BAL",8.2,39,12.4615,2.0769,6,1.0385,0.3077,0.0513,0.2564,0.2973,1.5,0.4167,0.8621,2.612709718322754,2.4662894038744048,15832
2020,"Adam Plutko","CLE",6.2,30,4.05,4.05,1,0,0.1,0.1,0,0.2963,1.65,0.3333,0.7273,3.6396097183227543,6.865671291476774,15846
2020,"Wander Suero","WSN",12.1,48,10.946,1.4595,7.5,0,0.3125,0.0417,0.2708,0.2222,0.973,0.3333,0.6923,1.4869097183227535,3.07220397273567,15855
2020,"Stephen Tarpley","MIA",6.2,29,10.7999,2.7,4,1.35,0.2759,0.069,0.2069,0.25,1.2,0.2941,0.7895,4.089609718322754,3.899286144556197,15859
2020,"Sean Manaea","OAK",17,74,6.8824,2.1176,3.25,0.5294,0.1757,0.0541,0.1216,0.3188,1.5294,0.3818,0.4688,3.307209718322754,4.382739103541655,15873
2020,"Lewis Thorpe","MIN",6.1,30,4.2632,4.2632,1,1.4211,0.1,0.1,0,0.3704,2.0526,0.3913,0.6897,5.715909718322754,7.0591879302732226,15906
2020,"Stefan Crichton","ARI",9,39,9,4,2.25,0,0.2308,0.1026,0.1282,0.2647,1.4444,0.36,1,2.856309718322754,4.811476356784503,16058
2020,"Cy Sneed","HOU",5.2,35,11.1176,9.5294,1.1667,0,0.2,0.1714,0.0286,0.4643,3.3529,0.5909,0.5263,3.895509718322754,6.655753995302417,16106
2020,"Daniel Ponce de Leon","STL",7,33,19.2857,7.7143,2.5,2.5714,0.4545,0.1818,0.2727,0.1923,1.5714,0.3333,0.7609,5.618209718322754,3.5797811227185385,16110
2020,"Jordan Romano","TOR",8.2,34,11.423,4.1538,2.75,0,0.3235,0.1176,0.2059,0.1333,0.9231,0.2105,0.875,2.035809718322754,3.1637636476124964,16122
2020,"John Curtiss","TBR",10,41,9.9,1.8,5.5,1.8,0.2683,0.0488,0.2195,0.2821,1.3,0.3462,0.9804,4.189609718322754,3.7403296872973444,16128
2020,"David Hess","BAL",7,32,1.2857,2.5714,0.5,1.2857,0.0313,0.0625,-0.0312,0.3333,1.7143,0.3214,0.6604,5.618209718322754,6.833495388286455,16130
2020,"Brandon Leibrandt","MIA",6.2,26,2.7,5.4,0.5,0,0.0769,0.1538,-0.0769,0.1364,1.05,0.15,0.7143,4.389609718322754,6.735831953365677,16135
2020,"Carlos Rodon","CHW",5.2,26,7.9411,4.7647,1.6667,1.5882,0.1923,0.1154,0.0769,0.3043,1.7647,0.3529,0.4651,5.3072097183227545,5.428372984873935,16137
2020,"Aaron Nola","PHI",22,96,12.6818,2.4545,5.1667,2.0455,0.3229,0.0625,0.2604,0.25,1.2727,0.3269,0.7826,4.416909718322755,2.79542788091031,16149
2020,"Jace Fry","CHW",5.1,26,10.1251,5.0625,2,1.6875,0.2308,0.1154,0.1154,0.3478,2.0625,0.4375,0.625,5.064609718322754,3.726913060603377,16159
2020,"Brandon Woodruff","MIL",25,103,10.44,2.88,3.625,0.72,0.2816,0.0777,0.2039,0.234,1.2,0.3175,0.7447,2.989609718322754,3.591977694630623,16162
2020,"Spencer Turnbull","DET",18.1,84,8.3455,7.3636,1.1333,0.4909,0.2024,0.1786,0.0238,0.194,1.5273,0.2449,0.6993,4.826009718322754,5.929891038135139,16207
2020,"Tejay Antone","CIN",15,58,11.4,4.8,2.375,0,0.3276,0.1379,0.1897,0.1633,1.0667,0.2667,0.8824,2.4563097183227542,4.020436362425486,16233
2020,"Kyle Freeland","COL",24,95,8.25,3.375,2.4444,0.75,0.2316,0.0947,0.1369,0.2118,1.125,0.2623,0.8333,3.6896097183227545,3.665343036378424,16256
2020,"Sam Howard","PIT",8.1,29,10.8,4.32,2.5,1.08,0.3448,0.1379,0.2069,0.08,0.72,0.0714,1,3.789609718322754,4.106605359228596,16265
2020,"John Means","BAL",10,38,7.2,1.8,4,2.7,0.2105,0.0526,0.1579,0.1944,0.9,0.16,1,6.0896097183227536,4.340329687297345,16269
2020,"Ryan Borucki","TOR",7,32,12.8571,7.7143,1.6667,0,0.3125,0.1875,0.125,0.2,1.5714,0.3125,0.7273,2.9039097183227542,4.300466841033527,16350
2020,"Tyler Mahle","CIN",10,43,13.5,2.7,5,0.9,0.3488,0.0698,0.279,0.2308,1.2,0.3478,0.6034,2.689609718322754,3.149289692938328,16358
2020,"Ryan Castellani","COL",14.1,57,4.3954,5.0233,0.875,3.1395,0.1228,0.1404,-0.0176,0.1915,1.186,0.1143,1,8.840809718322754,6.89767411829391,16377
2020,"Reynaldo Lopez","CHW",5,25,10.8,7.2,1.5,1.8,0.24,0.16,0.08,0.25,1.8,0.3077,0.5814,6.389609718322754,6.526889678835869,16400
2020,"Yonny Chirinos","TBR",7.1,35,7.3637,2.4546,3,2.4546,0.1714,0.0571,0.1143,0.3226,1.6364,0.3478,0.9821,6.735109718322754,5.855803617106496,16401
2020,"Victor Gonzalez","LAD",9.1,38,8.6786,0.9643,9,0,0.2368,0.0263,0.2105,0.1765,0.75,0.2308,0.7778,2.225309718322754,3.6917257761549864,16408
2020,"Blake Taylor","HOU",5.2,27,9.5294,9.5294,1,0,0.2222,0.2222,0,0.2381,1.9412,0.3333,0.8182,4.248409718322754,5.973593317061952,16418
2020,"Ryan Yarbrough","TBR",23,98,5.8696,2.3478,2.5,0.3913,0.1531,0.0612,0.0919,0.2471,1.1739,0.2778,0.7095,3.754809718322754,4.634757523562597,16502
2020,"Dan Altavilla","2 Tms",8,37,10.125,5.625,1.8,2.25,0.2432,0.1351,0.1081,0.25,1.625,0.2857,0.6863,6.064609718322754,5.258609683066607,16507
2020,"Jordan Montgomery","NYY",7.1,37,3.6818,3.6818,1,1.2273,0.0811,0.0811,0,0.3529,2.0455,0.3667,0.5882,5.371409718322754,6.26489638570999,16511
2020,"Jonathan Holder","NYY",9,40,9,5,1.8,0,0.225,0.125,0.1,0.2286,1.4444,0.3077,0.9231,2.856309718322754,4.811476356784503,16588
2020,"Ryan Thompson","TBR",9.1,45,8.6786,2.8929,3,2.8929,0.2,0.0667,0.1333,0.3333,1.8214,0.3667,0.5469,6.403909718322755,3.901212235584672,16647
2020,"Josh James","HOU",5.2,32,9.5294,14.294,0.6667,3.1765,0.1875,0.2813,-0.0938,0.2609,2.647,0.2667,0.6557,10.424909718322754,8.9419523068056,16794
2020,"Cam Hill","CLE",8,30,3.375,2.25,1.5,2.25,0.1,0.0667,0.0333,0.1481,0.75,0.0909,1,6.814609718322754,6.253009679540992,16840
2020,"Luke Weaver","ARI",20.2,90,9.5806,2.1774,4.4,2.6129,0.2444,0.0556,0.1888,0.2857,1.4032,0.3214,0.6481,5.705709718322754,4.5805235657324666,16918
2020,"Touki Toussaint","ATL",6.2,34,12.1499,2.7,4.5,2.7,0.2647,0.0588,0.2059,0.3,1.65,0.3684,0.098,6.189609718322754,4.049285394559947,16929
2020,"Elieser Hernandez","MIA",18.2,79,11.0893,1.9286,5.75,2.4107,0.2911,0.0506,0.2405,0.2192,1.0714,0.2444,0.8667,5.171709718322754,4.203436443082994,16933
2020,"Trevor Williams","PIT",23.1,110,8.4857,3.4714,2.4444,2.7,0.2,0.0818,0.1182,0.3299,1.7571,0.3623,0.6433,6.746709718322754,5.109200999387465,16977
2020,"Daniel Mengden","OAK",8.1,39,6.48,5.4,1.2,1.08,0.1538,0.1282,0.0256,0.2727,1.68,0.3077,0.9559,5.469609718322754,6.725111819716078,16980
2020,"Pablo Lopez","MIA",20.2,97,9.5806,5.2258,1.8333,0.871,0.2268,0.1237,0.1031,0.2651,1.6452,0.3279,0.5128,4.060609718322754,4.032395438023339,17085
2020,"Raisel Iglesias","CIN",9,38,11,1,11,0,0.2895,0.0263,0.2632,0.2286,1,0.32,0.3,1.411809718322754,2.7152985884083645,17130
2020,"Yoan Lopez","ARI",5.1,27,6.75,6.75,1,3.375,0.1481,0.1481,0,0.3913,2.4375,0.4118,0.7843,8.814609718322753,7.239034979634838,17181
2020,"Dinelson Lamet","SDP",17.1,71,10.9039,3.1154,3.5,1.0385,0.2958,0.0845,0.2113,0.1905,1.0385,0.2439,0.8642,3.478109718322754,4.459673663416407,17186
2020,"Jalen Beeks","TBR",9.1,39,8.6786,1.9286,4.5,0,0.2308,0.0513,0.1795,0.2778,1.2857,0.3571,0.75,1.903909718322754,3.3702960567631317,17192
2020,"Austin Brice","BOS",6.2,29,12.1499,9.45,1.2857,1.35,0.3103,0.2414,0.0689,0.1429,1.5,0.1818,0.8333,6.039609718322755,5.262719335851716,17237
2020,"Justus Sheffield","SEA",13.2,64,7.9024,5.9268,1.3333,0.6585,0.1875,0.1406,0.0469,0.2545,1.6829,0.3095,0.5093,4.360309718322754,5.125878141683257,17285
2020,"Javy Guerra","SDP",6.2,39,6.75,4.05,1.6667,1.35,0.1282,0.0769,0.0513,0.5294,3.15,0.5862,0.4369,5.439609718322754,4.956000865213332,17292
2020,"Framber Valdez","HOU",28,117,7.7143,1.6071,4.8,0.6429,0.2051,0.0427,0.1624,0.2752,1.25,0.3333,0.6725,3.1539097183227542,3.272752560355834,17295
2020,"Brett Martin","TEX",5.1,23,6.75,6.75,1,0,0.1739,0.1739,0,0.1579,1.3125,0.2,0.8571,3.939609718322754,7.239034979634838,17369
2020,"Erick Fedde","WSN",20.1,92,3.0984,4.4262,0.7,2.6557,0.0761,0.1087,-0.0326,0.2658,1.5246,0.2206,0.8051,7.960109718322755,5.854873079032107,17425
2020,"Jeff Hoffman","COL",6.2,26,5.4,2.7,2,1.35,0.1538,0.0769,0.0769,0.2609,1.2,0.2632,0.9091,4.8396097183227536,5.235839453328177,17432
2020,"Jonathan Hernandez","TEX",10.2,39,6.75,0.8437,8,0,0.2051,0.0256,0.1795,0.2571,0.9375,0.3103,0.6364,2.252109718322754,3.718508044361797,17464
2020,"Diego Castillo","TBR",8,34,10.125,3.375,3,2.25,0.2647,0.0882,0.1765,0.2,1.125,0.2105,1,5.689609718322754,3.9060096971690657,17496
2020,"Jimmy Herget","TEX",7.2,34,4.6956,5.8695,0.8,0,0.1176,0.1471,-0.0295,0.1852,1.3043,0.2174,0.8333,4.885209718322754,7.180479290127538,17556
2020,"JT Brubaker","PIT",10,41,11.7,3.6,3.25,0.9,0.3171,0.0976,0.2195,0.1944,1.1,0.2727,0.9434,3.3896097183227543,3.849289692938328,17578
2020,"Jordan Yamamoto","MIA",6,40,12,6,2,9,0.2,0.1,0.1,0.5,3.6667,0.5455,0.3676,15.522909718322754,6.107476333280405,17585
2020,"Tanner Scott","BAL",8.1,35,10.8,4.32,2.5,0,0.2857,0.1143,0.1714,0.1379,0.96,0.2105,0.9,2.949609718322754,3.8881084987795154,17586
2020,"Mitch Keller","PIT",7.2,31,3.5217,4.6956,0.75,2.3478,0.0968,0.129,-0.0322,0.2593,1.4348,0.2273,0.9756,7.363509718322754,7.03251470502381,17594
2020,"Cristian Javier","HOU",17.2,77,7.6415,4.0755,1.875,3.0566,0.1948,0.1039,0.0909,0.25,1.4151,0.234,0.8523,7.434909718322754,5.897257398233101,17606
2020,"Tanner Rainey","WSN",8.2,33,18.6922,4.1538,4.5,2.0769,0.5455,0.1212,0.4243,0.1071,0.8077,0.125,0.9615,3.7665097183227543,2.120136889076385,17610
2020,"Taylor Clarke","ARI",13.1,57,6.75,6.075,1.1111,0.675,0.1754,0.1579,0.0175,0.2083,1.425,0.2432,0.8523,4.689609718322754,5.474295404652544,17611
2020,"Tyler Alexander","DET",6.1,31,8.5264,2.8421,3,4.2632,0.1935,0.0645,0.129,0.3571,1.8947,0.3684,0.9091,8.873809718322754,6.111814523044764,17735
2020,"Jose Alvarado","TBR",5,30,10.8,9,1.2,3.6,0.2,0.1667,0.0333,0.3636,2.6,0.4,0.6557,10.189609718322753,8.117929673194887,17780
2020,"Adbert Alzolay","CHC",6,22,12,3,4,0,0.3636,0.0909,0.2727,0.1579,0.8333,0.25,0.8,1.5229097183227545,2.826409699519476,17859
2020,"Franklyn Kilome","NYM",10,48,9.9,5.4,1.8333,2.7,0.2292,0.125,0.1042,0.275,1.7,0.2963,0.7246,6.989609718322754,5.044809690117836,17861
2020,"Dennis Santana","LAD",8.2,37,9.3461,7.2692,1.2857,2.0769,0.2432,0.1892,0.054,0.1724,1.3846,0.1667,0.5882,6.881909718322754,5.009910393201936,17878
2020,"Cody Ponce","PIT",10,40,5.4,2.7,2,1.8,0.15,0.075,0.075,0.2432,1.2,0.2414,0.8696,5.489609718322754,5.822409676015377,17920
2020,"Trent Thornton","TOR",5,25,9,3.6,2.5,0,0.2,0.08,0.12,0.4348,2.4,0.5556,0.9167,2.3896097183227543,4.344809690117836,17948
2020,"Logan Webb","SFG",17.2,78,7.1321,2.0377,3.5,0.5094,0.1795,0.0513,0.1282,0.3,1.4151,0.3448,0.5691,3.189609718322754,4.556520316459733,17995
2020,"Pete Fairbanks","TBR",8.2,35,11.423,3.1154,3.6667,0,0.3143,0.0857,0.2286,0.1613,0.9231,0.25,0.6667,2.035809718322754,3.840561034782382,17998
2020,"Triston McKenzie","CLE",10,37,8.1,2.7,3,0.9,0.2432,0.0811,0.1621,0.1765,0.9,0.2083,0.9211,3.589609718322754,4.440329687297345,18000
2020,"Phil Maton","CLE",7.2,31,15.2608,1.1739,13,0,0.4194,0.0323,0.3871,0.1852,0.7826,0.3571,1,1.363509718322754,2.638655573641915,18064
2020,"Cody Stashak","MIN",5,20,12.6,1.8,7,3.6,0.35,0.05,0.3,0.2105,1,0.2,0.9091,6.189609718322754,3.726889678835869,18088
2020,"Anthony Misiewicz","SEA",10.2,42,13.5,0.8437,16,0.8437,0.381,0.0238,0.3572,0.2439,1.0312,0.375,0.8333,1.689609718322754,2.1205630352957394,18152
2020,"Zac Grotz","SEA",5.1,34,5.0625,11.8126,0.4286,5.0625,0.0882,0.2059,-0.1177,0.375,3,0.3158,0.5797,14.439709718322753,10.793157187610216,18256
2020,"Jarlin Garcia","SFG",6.1,25,1.4211,5.6842,0.25,0,0.04,0.16,-0.12,0.15,1.1053,0.15,1,4.768609718322754,7.855739495524342,18282
2020,"Tyler Kinley","COL",9.1,39,10.6072,6.75,1.5714,0.9643,0.2821,0.1795,0.1026,0.1379,1.1786,0.1579,0.6604,4.796709718322754,5.498760792214178,18297
2020,"Jacob Waguespack","TOR",6.1,32,8.5264,9.9474,0.8571,0,0.1875,0.2188,-0.0313,0.28,2.2105,0.3684,0.7857,4.610709718322754,7.080409107955434,18318
2020,"Taylor Hearn","TEX",5.2,25,12.7058,7.9411,1.6,1.5882,0.32,0.2,0.12,0.15,1.4118,0.1818,0.7576,5.3072097183227545,5.428372984873935,18325
2020,"Alex Young","ARI",21,94,6.8571,3,2.2857,2.5714,0.1702,0.0745,0.0957,0.2824,1.4762,0.2769,0.7522,6.380109718322754,5.2727334902400065,18333
2020,"Josh Staumont","KCR",10.1,47,16.5484,7.8387,2.1111,0.871,0.4043,0.1915,0.2128,0.1429,1.3548,0.2667,0.9615,4.254109718322754,5.0774093263614155,18335
2020,"Nick Anderson","TBR",6,20,16.5,0,11,0,0.55,0,0.55,0.1,0.3333,0.2222,1,-0.47709028167724554,1.804009685417017,18337
2020,"Jaime Barria","LAA",5,18,7.2,3.6,2,0,0.2222,0.1111,0.1111,0.0625,0.6,0.0833,0.6667,2.789609718322754,4.744809690117837,18356
2020,"Thomas Eshelman","BAL",11,43,4.9091,1.6364,3,1.6364,0.1395,0.0465,0.093,0.275,1.1818,0.2727,0.7843,5.007809718322754,4.954846048626033,18361
2020,"Mike Soroka","ATL",6,21,4.5,0,3,0,0.1429,0,0.1429,0.2,0.6667,0.2353,1,2.6896097183227545,3.9930763661861426,18383
2020,"Jose Urquidy","HOU",6,23,1.5,4.5,0.3333,1.5,0.0435,0.1304,-0.0869,0.1,0.8333,0.0556,0.8333,6.5229097183227545,8.592542990545432,18413
2020,"Kenta Maeda","MIN",28.2,113,9.4186,1.2558,7.5,1.5698,0.2655,0.0354,0.2301,0.211,0.9419,0.2432,0.8,3.782609718322754,3.083898190706631,18498
2020,"Dylan Cease","CHW",30.1,129,5.3407,1.7802,3,2.0769,0.1395,0.0465,0.093,0.2645,1.2527,0.2604,0.7285,5.794009718322754,5.436750611123681,18525
2020,"Travis Lakins Sr.","BAL",10.2,46,10.9687,2.5312,4.3333,0,0.2826,0.0652,0.2174,0.2381,1.2187,0.3333,0.8462,1.5959097183227542,3.6121583687718997,18600
2020,"A.J. Minter","ATL",9,33,11,3,3.6667,0,0.3333,0.0909,0.2424,0.1333,0.7778,0.2105,0.8571,1.7452097183227542,3.483120804362827,18655
2020,"Jake Woodford","STL",6.1,24,5.6842,0,4,4.2632,0.1667,0,0.1667,0.25,0.9474,0.1765,1,8.084409718322753,3.7787496344439693,18674
2020,"Freddy Peralta","MIL",13.1,58,16.2,4.05,4,0.675,0.4138,0.1034,0.3104,0.2083,1.2,0.36,0.7229,2.364609718322754,2.856008863166928,18679
2020,"Sandy Alcantara","MIA",12.2,48,10.6579,3.5526,3,0.7105,0.3125,0.1042,0.2083,0.1395,0.8684,0.1852,0.8333,3.031709718322754,3.5489771714045215,18684
2020,"Kolby Allard","TEX",18.1,88,8.3455,5.4,1.5455,1.9636,0.1932,0.125,0.0682,0.2933,1.8,0.3273,0.4577,6.135109718322754,6.391477313466966,18694
2020,"Conner Menez","SFG",6,26,6,4.5,1.3333,3,0.1538,0.1154,0.0384,0.2381,1.3333,0.1875,0.8065,8.189609718322755,7.114943004647891,19199
2020,"Dakota Hudson","STL",16,61,7.875,1.6875,4.6667,1.125,0.2295,0.0492,0.1803,0.1897,0.875,0.2143,0.7143,3.627109718322754,3.346309698931873,19206
2020,"Caleb Baragar","SFG",9.1,37,2.8929,1.9286,1.5,1.9286,0.0811,0.0541,0.027,0.2353,1.0714,0.2069,0.3659,6.296809718322754,7.491282166878631,19231
2020,"Wes Benjamin","TEX",8.1,34,9.72,3.24,3,1.08,0.2647,0.0882,0.1765,0.1935,1.08,0.2381,0.6579,3.669609718322754,4.925104619687278,19243
2020,"Thomas Hatch","TOR",13,51,9.6923,4.8462,2,1.3846,0.2745,0.1373,0.1372,0.0952,0.8462,0.0769,0.9804,5.112709718322754,5.21828661102515,19264
2020,"Taylor Widener","ARI",6.1,26,11.3685,4.2632,2.6667,2.8421,0.3077,0.1154,0.1923,0.1429,0.9474,0.0909,0.9615,7.137009718322754,5.5014534292413355,19266
2020,"Justin Dunn","SEA",17,77,5.8235,5.8235,1,1.5882,0.1429,0.1429,0,0.2188,1.4706,0.2157,0.6881,6.3072097183227545,6.888433206256698,19268
2020,"Zac Gallen","ARI",29,115,9.931,4.0345,2.4615,0.6207,0.2783,0.113,0.1653,0.1765,1.069,0.2353,0.8156,3.224109718322754,3.9456372811876497,19291
2020,"Trevor Richards","TBR",17.1,80,7.2692,2.5962,2.8,2.0769,0.175,0.0625,0.1125,0.3108,1.6154,0.3333,0.7143,5.439609718322754,5.710814519604528,19309
2020,"Cal Quantrill","2 Tms",15.1,63,8.8044,2.3478,3.75,1.1739,0.2381,0.0635,0.1746,0.2586,1.2391,0.3171,0.9302,3.907009718322754,4.761613098932385,19312
2020,"Caleb Ferguson","LAD",9.2,37,13.0344,0,14,0.931,0.3784,0,0.3784,0.2162,0.8276,0.3182,0.9091,1.637909718322754,1.7088975624231788,19349
2020,"Corbin Burnes","MIL",30.1,119,12.1648,3.8571,3.1538,0,0.3445,0.1092,0.2353,0.1429,0.9231,0.2344,0.7241,1.870909718322754,3.1600712057277396,19361
2020,"Keegan Akin","BAL",5.1,25,11.8126,5.0625,2.3333,0,0.28,0.12,0.16,0.2727,1.6875,0.4,0.3333,2.252109718322754,4.085115288790459,19362
2020,"Walker Buehler","LAD",16,70,7.3125,2.8125,2.6,3.9375,0.1857,0.0714,0.1143,0.2462,1.3125,0.2,0.5357,8.189609718322753,4.946109683066607,19374
2020,"Tony Gonsolin","LAD",12,49,6.75,3.75,1.8,0.75,0.1837,0.102,0.0817,0.2273,1.25,0.2647,0.8088,4.0229097183227545,5.709476345032455,19388
2020,"Dane Dunning","CHW",10.2,46,5.9062,4.2187,1.4,0,0.1522,0.1087,0.0435,0.1951,1.2187,0.2353,0.7692,3.283309718322754,4.9330542462607045,19409
2020,"Shane Bieber","CLE",47.2,178,12.8392,2.0769,6.1818,1.1329,0.382,0.0618,0.3202,0.1617,0.7972,0.2258,1,2.6651097183227543,2.38237110245964,19427
2020,"Yohan Ramirez","SEA",9,38,12,9,1.3333,0,0.3158,0.2368,0.079,0.0357,1.1111,0.0625,0.9091,3.856309718322754,6.245965239405632,19444
2020,"Patrick Sandoval","LAA",12.2,60,4.2631,3.5526,1.2,2.8421,0.1,0.0833,0.0167,0.3091,1.7368,0.2889,0.6098,7.531709718322754,5.741813494912255,19447
2020,"Shaun Anderson","SFG",7,29,11.5714,6.4286,1.8,2.5714,0.3103,0.1724,0.1379,0.1667,1.2857,0.1538,0.9677,6.4753097183227535,4.995552543231419,19453
2020,"Kyle Funkhouser","DET",10.2,46,5.0625,3.375,1.5,1.6875,0.1304,0.087,0.0434,0.3171,1.5937,0.3235,0.9155,5.627109718322754,5.205903388318713,19456
2020,"Bryan Garcia","DET",8,33,2.25,2.25,1,0,0.0606,0.0606,0,0.2333,1.125,0.2414,0.7778,3.439609718322754,6.128009679540992,19457
2020,"Jorge Alcala","MIN",9,38,15,5,3,2,0.3947,0.1316,0.2631,0.2121,1.3333,0.3125,0.6522,4.411809718322754,3.04365414083004,19459
2020,"Aaron Civale","CLE",34,131,6.8824,1.0588,6.5,0.5294,0.1985,0.0305,0.168,0.248,1.0294,0.2929,0.6522,2.777809718322754,3.8533273388357725,19479
2020,"Devin Smeltzer","MIN",8.1,41,8.64,2.16,4,2.16,0.1951,0.0488,0.1463,0.3514,1.8,0.3929,0.5303,5.469609718322754,4.695855709460817,19487
2020,"Geoff Hartlieb","PIT",5.2,25,7.9411,3.1765,2.5,0,0.2,0.08,0.12,0.2273,1.2353,0.2941,0.875,3.013109718322754,4.393273206275236,19558
2020,"Sean Poppen","MIN",7.2,35,11.7391,4.6956,2.5,0,0.2857,0.1143,0.1714,0.2903,1.6956,0.4286,0.6923,2.146109718322754,3.676285841135763,19583
2020,"Matt Foster","CHW",9.2,36,12.1034,0.931,13,0,0.3611,0.0278,0.3333,0.1765,0.7241,0.2727,0.8571,0.8103097183227539,2.2261371581487106,19647
2020,"Kyle Wright","ATL",11.2,57,5.4,9.2571,0.5833,1.5429,0.1228,0.2105,-0.0877,0.2667,2.0571,0.2778,0.566,7.303909718322755,6.751199518176254,19665
2020,"Gregory Soto","DET",8.2,35,13.4999,3.1154,4.3333,2.0769,0.3714,0.0857,0.2857,0.1333,0.8077,0.1333,0.4839,4.9204097183227535,3.273978605069785,19677
2020,"Sixto Sanchez","MIA",6,23,9,1.5,6,0,0.2609,0.0435,0.2174,0.1429,0.6667,0.2,1,2.1896097183227545,4.144809690117837,19680
2020,"Dustin May","LAD",20.2,85,6.9677,2.1774,3.2,0.871,0.1882,0.0588,0.1294,0.2532,1.2097,0.2951,0.819,3.770209718322754,3.9312859209543416,19716
2020,"Jonathan Loaisiga","NYY",11.1,46,10.3236,3.1765,3.25,1.5882,0.2826,0.087,0.1956,0.225,1.1471,0.28,0.8197,4.777809718322754,3.6913523530862893,19753
2020,"Seth Elledge","STL",5,21,12.6,5.4,2.3333,1.8,0.3333,0.1429,0.1904,0.1875,1.2,0.2222,0.7143,5.389609718322754,5.135849684476852,19766
2020,"Wil Crowe","WSN",6,33,7.5,9,0.8333,4.5,0.1515,0.1818,-0.0303,0.3704,2.6667,0.3684,0.7627,11.022909718322754,8.107476333280404,19800
2020,"Daniel Castano","MIA",9.1,46,5.7857,5.7857,1,1.9286,0.1304,0.1304,0,0.3,1.9286,0.3125,0.7237,6.618209718322754,5.927333751403317,19805
2020,"Michael King","NYY",11.2,51,7.7143,5.4,1.4286,2.3143,0.1961,0.1373,0.0588,0.2093,1.3714,0.2,0.5469,6.875309718322755,6.213875324597135,19853
2020,"Brandon Bielak","HOU",13,60,6.9231,4.8462,1.4286,4.1538,0.1667,0.1167,0.05,0.3137,1.7692,0.2778,0.8333,9.497309718322754,5.7533019934709255,19866
2020,"Griffin Canning","LAA",18.2,84,9.1607,5.3036,1.7273,0.9643,0.2262,0.131,0.0952,0.2857,1.6607,0.3462,0.6383,4.314609718322754,5.5403197685660786,19867
2020,"Kevin Ginkel","ARI",7.1,41,9.8182,8.5909,1.1429,1.2273,0.1951,0.1707,0.0244,0.4118,2.8636,0.52,0.6122,5.644209718322754,7.337483067747442,19876
2020,"Ljay Newsome","SEA",5.1,21,10.1251,0,6,1.6875,0.2857,0,0.2857,0.2381,0.9375,0.2857,0.8333,3.377109718322754,3.1392093715900544,19942
2020,"Ian Anderson","ATL",6,26,12,1.5,8,0,0.3077,0.0385,0.2692,0.25,1.1667,0.375,0.75,1.5229097183227545,2.174676375587782,19951
2020,"Jesus Luzardo","OAK",10,49,9,3.6,2.5,2.7,0.2041,0.0816,0.1225,0.3556,2,0.4063,0.6962,6.289609718322755,4.931369681656361,19959
2020,"Tyson Miller","CHC",5,20,0,5.4,0,1.8,0,0.15,-0.15,0.125,1,0.0625,0.5556,7.589609718322754,6.55376969575882,19976
2020,"Zach Plesac","CLE",19,72,9,0.9474,9.5,1.4211,0.2639,0.0278,0.2361,0.1857,0.7895,0.2083,1,3.558009718322754,3.3576939021286214,19979
2020,"John Schreiber","DET",5.1,25,6.75,5.0625,1.3333,0,0.16,0.12,0.04,0.3333,1.875,0.3889,0.7,3.377109718322754,5.2101223200844045,20020
2020,"Adrian Morejon","SDP",6,21,9,1.5,6,0,0.2857,0.0476,0.2381,0.2,0.8333,0.2857,1,1.6896097183227545,2.6672097042202956,20039
2020,"Chris Paddack","SDP",18.2,83,10.125,1.4464,7,1.9286,0.253,0.0361,0.2169,0.3077,1.4464,0.3774,0.641,4.528909718322754,3.838037101625729,20099
2020,"James Karinchak","CLE",10.2,43,20.2499,4.2187,4.8,0,0.5581,0.1163,0.4418,0.1316,0.9375,0.3571,0.7,0.09590971832275397,1.1956659335318154,20151
2020,"Nate Pearson","TOR",9,39,8,6,1.3333,4,0.2051,0.1538,0.0513,0.1875,1.3333,0.0952,0.625,9.189609718322753,6.670498560203447,20160
2020,"Deivi Garcia","NYY",17.2,70,9.1698,1.0189,9,1.0189,0.2571,0.0286,0.2285,0.209,0.9057,0.2553,0.7042,3.133009718322754,4.206754932272552,20276
2020,"David Peterson","NYM",15.2,62,6.8936,2.8723,2.4,0.5745,0.1935,0.0806,0.1129,0.2456,1.2128,0.2955,0.7955,3.444909718322754,4.362339112843052,20302
2020,"Andre Scrubb","HOU",11,49,9,9,1,0,0.2245,0.2245,0,0.1622,1.5455,0.2222,0.8824,4.189609718322754,5.7893187861550945,20329
2020,"Brusdar Graterol","LAD",9.1,34,5.7857,0,6,0,0.1765,0,0.1765,0.2188,0.75,0.2692,0.7778,2.546709718322754,4.013155495546841,20367
2020,"Tyler Zuber","KCR",9,41,10,7,1.4286,4,0.2439,0.1707,0.0732,0.2647,1.7778,0.25,0.6731,9.078509718322753,5.038676359918383,20379
2020,"Anthony Kay","TOR",13,52,9.6923,3.4615,2.8,0.6923,0.2692,0.0962,0.173,0.1915,1.0769,0.25,0.873,3.189609718322754,3.6936096966266634,20387
2020,"Nick Margevicius","SEA",19.2,79,6.8644,2.2881,3,1.3729,0.1899,0.0633,0.1266,0.2568,1.2203,0.2857,0.6061,4.409909718322754,4.514651510168703,20395
2020,"Josh Fleming","TBR",5.1,18,10.1251,0,6,0,0.3333,0,0.3333,0.1667,0.5625,0.25,1,0.9396097183227541,2.7726070856141893,20418
2020,"Rony Garcia","DET",6,31,4.5,6,0.75,4.5,0.0968,0.129,-0.0322,0.3333,2.1667,0.2857,0.7955,10.689609718322755,7.774142999947072,20430
2020,"Enoli Paredes","HOU",9.2,46,10.2413,6.5172,1.5714,0.931,0.2391,0.1522,0.0869,0.2703,1.7586,0.3462,0.8434,4.741309718322754,4.812335136776371,20447
2020,"Huascar Ynoa","ATL",7.1,37,3.6818,11.0455,0.3333,2.4546,0.0811,0.2432,-0.1621,0.2593,2.1818,0.2174,0.9091,9.598709718322754,8.452833607452577,20468
2020,"Casey Mize","DET",13.2,57,9.878,2.6341,3.75,0.6585,0.2632,0.0702,0.193,0.2453,1.2439,0.3243,0.5769,2.823709718322754,4.018485714497854,20492
2020,"Yusei Kikuchi","SEA",14.2,64,9.2045,3.0682,3,0.6136,0.2344,0.0781,0.1563,0.3158,1.5682,0.3953,0.5093,3.053209718322754,3.76659020210854,20633
2020,"Humberto Mejia","MIA",6,31,15,6,2.5,1.5,0.3226,0.129,0.1936,0.3462,2.1667,0.5333,0.7143,4.5229097183227545,4.311476356784503,20739
2020,"Humberto Castellanos","HOU",6,29,4.5,3,1.5,1.5,0.1034,0.069,0.0344,0.28,1.5,0.2857,0.625,6.356309718322755,6.796543014049531,21183
2020,"Kris Bubic","KCR",14.2,67,11.0454,4.2954,2.5714,1.8409,0.2687,0.1045,0.1642,0.2833,1.6364,0.359,0.7576,4.826009718322754,3.8998989881200545,21455
2020,"Tarik Skubal","DET",12.1,58,10.946,5.8379,1.875,2.1892,0.2586,0.1379,0.1207,0.3125,1.8649,0.3871,0.6061,6.108509718322754,5.324318156204443,22267
2020,"Trevor Rogers","MIA",11,45,12.2727,2.4545,5,2.4545,0.3333,0.0667,0.2666,0.2195,1.0909,0.25,0.8974,4.826009718322754,3.235718781026927,22286
2020,"Johan Oviedo","STL",9.1,46,5.7857,3.8572,1.5,0.9643,0.1304,0.087,0.0434,0.2821,1.6071,0.303,0.5769,5.2253097183227535,5.717847291973632,22487
2020,"Luis Patino","SDP",6.1,31,9.9474,7.1053,1.4,1.4211,0.2258,0.1613,0.0645,0.2692,1.8947,0.3333,0.8491,5.400109718322755,6.125961974832904,22815
2020,"Spencer Howard","PHI",7.2,36,9.3913,3.5217,2.6667,0,0.2222,0.0833,0.1389,0.3,1.5652,0.375,0.6923,2.667909718322754,4.708072652096171,23252
2020,"Codi Heuer","CHW",9,35,9,2,4.5,1,0.2571,0.0571,0.2,0.2121,1,0.2609,0.6579,3.300709718322754,3.1597430328528087,23293
2020,"Luis Garcia","HOU",9.1,34,5.7857,4.8214,1.2,0.9643,0.1765,0.1471,0.0294,0.0714,0.75,0.0455,1,4.903909718322754,4.977444653722406,23735
2020,"Randy Dobnak","MIN",27,119,4,2.6667,1.5,0.3333,0.1008,0.0672,0.0336,0.3019,1.4815,0.3229,0.665,3.893309718322754,4.642883774638176,23798
2020,"Brady Singer","KCR",33.2,134,8.5544,3.7426,2.2857,1.604,0.2388,0.1045,0.1343,0.1917,1.099,0.2073,0.8042,4.853009718322754,4.162250316013122,25377
2020,"Kwang Hyun Kim","STL",8.2,34,5.1923,5.1923,1,1.0385,0.1471,0.1471,0,0.2069,1.2692,0.2174,1,5.266509718322754,5.345724479715853,27458
2020,"Shun Yamaguchi","TOR",8,35,6.75,2.25,3,2.25,0.1714,0.0571,0.1143,0.3438,1.625,0.36,0.7843,5.689609718322754,5.128009679540992,27460