Season,Name,Tm,IP,TBF,GB/FB,LD%,GB%,FB%,IFFB%,HR/FB,IFH%,BUH%,Pull%,Cent%,Oppo%,Soft%,Med%,Hard%,playerId
2020,"Tommy Hunter","PHI",9.1,35,1.33333333,0.36363636,0.36363636,0.27272727,0.16666667,0,0.125,0,0.44,0.36,0.2,0.16,0.52,0.32,1157
2020,"Adam Ottavino","NYY",8.1,37,1.625,0.16,0.52,0.32,0.25,0.125,0.07692308,0,0.36,0.36,0.28,0.16,0.44,0.4,1247
2020,"Oliver Perez","CLE",8,28,0.75,0.22222222,0.33333333,0.44444444,0,0,0,0,0.16666667,0.55555556,0.27777778,0.27777778,0.44444444,0.27777778,1514
2020,"Zack Greinke","HOU",22.2,89,1.47826087,0.16176471,0.5,0.33823529,0.04347826,0.08695652,0.02941176,1,0.44927536,0.30434783,0.24637681,0.15942029,0.5942029,0.24637681,1943
2020,"Ivan Nova","DET",10,45,1.88888889,0.21212121,0.51515152,0.27272727,0,0.22222222,0.05882353,0,0.51515152,0.42424242,0.06060606,0.09090909,0.48484848,0.42424242,1994
2020,"Clayton Kershaw","LAD",44,159,1.67647059,0.15740741,0.52777778,0.31481481,0.08823529,0.08823529,0.05263158,1,0.47706422,0.29357798,0.2293578,0.16513761,0.56880734,0.26605505,2036
2020,"Adam Wainwright","STL",24,96,1.66666667,0.23809524,0.47619048,0.28571429,0.05555556,0.16666667,0.03333333,0,0.46031746,0.3015873,0.23809524,0.17460317,0.47619048,0.34920635,2233
2020,"Hector Rondon","ARI",9.1,46,0.58823529,0.18181818,0.3030303,0.51515152,0.05882353,0.29411765,0,0,0.3030303,0.48484848,0.21212121,0.15151515,0.45454545,0.39393939,2391
2020,"Lance Lynn","TEX",35.1,141,0.90909091,0.17647059,0.39215686,0.43137255,0.04545455,0.13636364,0.1,0,0.32038835,0.4368932,0.24271845,0.12621359,0.58252427,0.29126214,2520
2020,"Rick Porcello","NYM",28,119,1.4,0.2,0.46666667,0.33333333,0.13333333,0.06666667,0.07142857,0,0.37777778,0.37777778,0.24444444,0.22222222,0.46666667,0.31111111,2717
2020,"Ross Detwiler","CHW",11.1,50,3.83333333,0.12121212,0.6969697,0.18181818,0,0.33333333,0.04347826,0,0.60606061,0.33333333,0.06060606,0.18181818,0.51515152,0.3030303,2859
2020,"Kenley Jansen","LAD",12.2,53,0.58333333,0.26923077,0.26923077,0.46153846,0.08333333,0.16666667,0,1,0.37037037,0.33333333,0.2962963,0.11111111,0.48148148,0.40740741,3096
2020,"Tony Watson","SFG",6,25,3.66666667,0.17647059,0.64705882,0.17647059,0.33333333,0.33333333,0.18181818,0,0.58823529,0.29411765,0.11764706,0.23529412,0.64705882,0.11764706,3132
2020,"Max Scherzer","WSN",38,159,0.875,0.21875,0.36458333,0.41666667,0.1,0.1,0.05714286,0.5,0.36734694,0.31632653,0.31632653,0.18367347,0.51020408,0.30612245,3137
2020,"Will Harris","WSN",8.2,37,1.66666667,0.27272727,0.45454545,0.27272727,0.33333333,0,0.2,0,0.27272727,0.40909091,0.31818182,0.22727273,0.40909091,0.36363636,3192
2020,"T.J. McFarland","OAK",7.1,31,2.8,0.17391304,0.60869565,0.2173913,0.2,0.4,0,0,0.43478261,0.43478261,0.13043478,0.08695652,0.47826087,0.43478261,3237
2020,"Zack Britton","NYY",8.2,37,5,0.07692308,0.76923077,0.15384615,0.25,0,0.05,0,0.53846154,0.23076923,0.23076923,0.23076923,0.46153846,0.30769231,3240
2020,"Anibal Sanchez","WSN",20.1,107,1.06451613,0.24705882,0.38823529,0.36470588,0.03225806,0.16129032,0.06060606,0,0.30232558,0.47674419,0.22093023,0.09302326,0.56976744,0.3372093,3284
2020,"Darren O'Day","ATL",7.1,28,0.5,0.35714286,0.21428571,0.42857143,0.16666667,0,0.33333333,0,0.35714286,0.28571429,0.35714286,0.5,0.35714286,0.14285714,3321
2020,"Danny Duffy","KCR",35.1,150,0.60869565,0.22105263,0.29473684,0.48421053,0.15217391,0.13043478,0.10714286,0,0.34375,0.33333333,0.32291667,0.25,0.48958333,0.26041667,3542
2020,"Liam Hendriks","OAK",8.2,30,0.66666667,0.23076923,0.30769231,0.46153846,0,0,0,0,0.28571429,0.5,0.21428571,0.21428571,0.64285714,0.14285714,3548
2020,"Matt Magill","SEA",6.1,30,2.2,0.2,0.55,0.25,0.2,0.6,0,0,0.45,0.35,0.2,0.1,0.55,0.35,3950
2020,"Yusmeiro Petit","OAK",9.1,36,0.61538462,0.16,0.32,0.52,0.07692308,0.15384615,0.125,0.5,0.48148148,0.37037037,0.14814815,0.11111111,0.51851852,0.37037037,4020
2020,"Derek Holland","PIT",15,64,0.61111111,0.23684211,0.28947368,0.47368421,0.16666667,0.16666667,0,0,0.39473684,0.36842105,0.23684211,0.18421053,0.42105263,0.39473684,4141
2020,"Jake Arrieta","PHI",27,110,2.13636364,0.15853659,0.57317073,0.26829268,0.13636364,0.22727273,0.06382979,0,0.35365854,0.40243902,0.24390244,0.19512195,0.47560976,0.32926829,4153
2020,"Rafael Dolis","TOR",12.2,54,1.36363636,0.10344828,0.51724138,0.37931034,0,0.09090909,0,1,0.43333333,0.3,0.26666667,0.1,0.63333333,0.26666667,4185
2020,"Mark Melancon","ATL",11.2,45,2.375,0.15625,0.59375,0.25,0,0.125,0.10526316,0,0.38235294,0.41176471,0.20588235,0.17647059,0.44117647,0.38235294,4264
2020,"Justin Wilson","NYM",9.2,36,1,0.18181818,0.40909091,0.40909091,0.11111111,0,0.22222222,0,0.43478261,0.34782609,0.2173913,0.30434783,0.43478261,0.26086957,4301
2020,"Tyler Chatwood","CHC",6,39,1,0.28571429,0.35714286,0.35714286,0,0.2,0,0,0.25,0.60714286,0.14285714,0.10714286,0.53571429,0.35714286,4338
2020,"Charlie Morton","TBR",17,75,1.46153846,0.30434783,0.41304348,0.2826087,0.23076923,0.07692308,0,0,0.45652174,0.2826087,0.26086957,0.2826087,0.47826087,0.23913043,4676
2020,"Nate Jones","CIN",6.2,34,1,0.23076923,0.38461538,0.38461538,0,0.2,0,0,0.42307692,0.30769231,0.26923077,0.07692308,0.61538462,0.30769231,4696
2020,"Matt Shoemaker","TOR",21.2,87,1.40909091,0.14516129,0.5,0.35483871,0.09090909,0.31818182,0.06451613,0,0.50793651,0.31746032,0.17460317,0.22222222,0.42857143,0.34920635,4776
2020,"Rich Hill","MIN",12,45,1,0.2,0.4,0.4,0.08333333,0,0,1,0.4516129,0.29032258,0.25806452,0.06451613,0.77419355,0.16129032,4806
2020,"Jon Lester","CHC",33.1,138,1.30769231,0.13461538,0.49038462,0.375,0.05128205,0,0.07843137,0,0.39423077,0.33653846,0.26923077,0.23076923,0.43269231,0.33653846,4930
2020,"Jake Diekman","OAK",6.1,27,2.33333333,0,0.7,0.3,0,0,0.14285714,0,0.3,0.4,0.3,0.1,0.7,0.2,5003
2020,"Jeurys Familia","NYM",9.1,44,2.57142857,0.10714286,0.64285714,0.25,0,0.14285714,0.05555556,0,0.32142857,0.46428571,0.21428571,0.14285714,0.60714286,0.25,5114
2020,"Wade LeBlanc","BAL",12.1,59,0.9375,0.32608696,0.32608696,0.34782609,0.1875,0.1875,0.13333333,1,0.44680851,0.23404255,0.31914894,0.19148936,0.4893617,0.31914894,5221
2020,"Blake Parker","PHI",9,41,0.77777778,0.23809524,0.33333333,0.42857143,0,0.22222222,0.14285714,0,0.23809524,0.38095238,0.38095238,0.0952381,0.47619048,0.42857143,5224
2020,"Wilmer Font","TOR",7.1,39,0.7,0.32,0.28,0.4,0,0.1,0.57142857,0,0.36,0.36,0.28,0.16,0.52,0.32,5257
2020,"Michael Pineda","MIN",5,20,1,0.17647059,0.41176471,0.41176471,0.14285714,0,0,0,0.44444444,0.38888889,0.16666667,0.22222222,0.44444444,0.33333333,5372
2020,"Pedro Baez","LAD",7.2,34,0.92307692,0.13793103,0.4137931,0.44827586,0.30769231,0.07692308,0.16666667,0,0.48275862,0.27586207,0.24137931,0.20689655,0.44827586,0.34482759,5420
2020,"Jesse Chavez","TEX",7.1,36,1.09090909,0.14814815,0.44444444,0.40740741,0.09090909,0.36363636,0,0,0.37037037,0.44444444,0.18518519,0.14814815,0.2962963,0.55555556,5448
2020,"Madison Bumgarner","ARI",27.1,121,0.72222222,0.29545455,0.29545455,0.40909091,0.11111111,0.25,0.03846154,0,0.54545455,0.30681818,0.14772727,0.125,0.38636364,0.48863636,5524
2020,"Nik Turley","PIT",9,42,0.69230769,0.12,0.36,0.52,0,0.07692308,0,0,0.52,0.24,0.24,0.08,0.68,0.24,5530
2020,"Ryan Brasier","BOS",12.1,51,0.91666667,0.17857143,0.39285714,0.42857143,0.08333333,0.08333333,0.09090909,0,0.35714286,0.35714286,0.28571429,0.10714286,0.5,0.39285714,5615
2020,"Tyler Clippard","MIN",13,47,0.6,0.14285714,0.32142857,0.53571429,0.2,0.13333333,0,0,0.28571429,0.42857143,0.28571429,0.17857143,0.53571429,0.28571429,5640
2020,"Junior Guerra","ARI",11.1,53,3.5,0.15625,0.65625,0.1875,0,0,0.04761905,0,0.42424242,0.27272727,0.3030303,0.12121212,0.60606061,0.27272727,5702
2020,"Dellin Betances","NYM",7.1,38,1.375,0.2962963,0.40740741,0.2962963,0.125,0,0,0,0.44444444,0.25925926,0.2962963,0.14814815,0.62962963,0.22222222,6216
2020,"Trevor Cahill","SFG",14,62,0.57142857,0.37142857,0.22857143,0.4,0.21428571,0.21428571,0.125,0,0.44444444,0.25,0.30555556,0.19444444,0.47222222,0.33333333,6249
2020,"David Phelps","2 Tms",12.1,48,2,0.1,0.6,0.3,0,0.44444444,0,0,0.4,0.43333333,0.16666667,0.16666667,0.43333333,0.4,6316
2020,"Jake Odorizzi","MIN",9.2,45,0.78571429,0.24242424,0.33333333,0.42424242,0.14285714,0.21428571,0,0,0.44117647,0.35294118,0.20588235,0.14705882,0.5,0.35294118,6397
2020,"Trevor May","MIN",11.2,49,0.41666667,0.37037037,0.18518519,0.44444444,0.25,0.16666667,0,0,0.44444444,0.25925926,0.2962963,0.18518519,0.48148148,0.33333333,6398
2020,"Jose Cisnero","DET",13,54,1.54545455,0.17647059,0.5,0.32352941,0.18181818,0.09090909,0.11764706,0,0.47058824,0.29411765,0.23529412,0.11764706,0.58823529,0.29411765,6399
2020,"Steve Cishek","CHW",11,51,0.76923077,0.23333333,0.33333333,0.43333333,0,0.07692308,0,0,0.3,0.5,0.2,0.1,0.6,0.3,6483
2020,"Alex Cobb","BAL",18.2,85,2,0.28571429,0.47619048,0.23809524,0.06666667,0.33333333,0.06666667,0,0.46875,0.28125,0.25,0.109375,0.46875,0.421875,6562
2020,"Carlos Carrasco","CLE",29.1,118,1.17241379,0.1369863,0.46575342,0.39726027,0,0.13793103,0.02941176,0,0.35135135,0.35135135,0.2972973,0.17567568,0.51351351,0.31081081,6632
2020,"Craig Kimbrel","CHC",7,37,1,0.23076923,0.38461538,0.38461538,0,0,0,0,0.23076923,0.38461538,0.38461538,0.30769231,0.46153846,0.23076923,6655
2020,"Alex Colome","CHW",10.1,44,2.28571429,0.23333333,0.53333333,0.23333333,0.14285714,0,0.0625,0,0.41935484,0.38709677,0.19354839,0.16129032,0.48387097,0.35483871,6661
2020,"Julio Teheran","LAA",17,73,0.90909091,0.26315789,0.35087719,0.38596491,0.09090909,0.09090909,0.05,0,0.40350877,0.36842105,0.22807018,0.15789474,0.59649123,0.24561404,6797
2020,"Johnny Cueto","SFG",26.2,114,1.2,0.20481928,0.43373494,0.36144578,0.1,0.1,0.05555556,0,0.4939759,0.24096386,0.26506024,0.21686747,0.55421687,0.22891566,6893
2020,"Chase Anderson","TOR",9.2,49,0.88235294,0.13513514,0.40540541,0.45945946,0.05882353,0.47058824,0,0,0.37837838,0.32432432,0.2972973,0.16216216,0.32432432,0.51351351,6895
2020,"Martin Perez","BOS",30.2,132,1.15151515,0.16470588,0.44705882,0.38823529,0.12121212,0.12121212,0.10526316,0.5,0.40229885,0.3908046,0.20689655,0.22988506,0.48275862,0.28735632,6902
2020,"Joakim Soria","OAK",7.2,39,0.77777778,0.33333333,0.29166667,0.375,0.22222222,0,0,0,0.41666667,0.33333333,0.25,0.20833333,0.41666667,0.375,6941
2020,"Ian Kennedy","KCR",11.2,52,0.57142857,0.13157895,0.31578947,0.55263158,0.0952381,0.28571429,0.08333333,0,0.42105263,0.31578947,0.26315789,0.18421053,0.42105263,0.39473684,6986
2020,"Ryan Pressly","HOU",6.1,33,2,0.18181818,0.54545455,0.27272727,0,0,0.08333333,0,0.5,0.31818182,0.18181818,0.09090909,0.40909091,0.5,7005
2020,"Daniel Bard","COL",9.1,42,2,0.16,0.56,0.28,0,0.14285714,0.07142857,0,0.44,0.32,0.24,0.2,0.52,0.28,7115
2020,"Daniel Hudson","WSN",10.2,43,0.42857143,0.13043478,0.26086957,0.60869565,0.07142857,0.35714286,0.16666667,0,0.43478261,0.39130435,0.17391304,0.08695652,0.52173913,0.39130435,7146
2020,"Greg Holland","KCR",16,64,1.35714286,0.175,0.475,0.35,0.07142857,0,0.10526316,0,0.56097561,0.24390244,0.19512195,0.09756098,0.6097561,0.29268293,7196
2020,"Craig Stammen","SDP",9,44,2.25,0.1875,0.5625,0.25,0,0.25,0.16666667,0.5,0.55882353,0.35294118,0.08823529,0.08823529,0.58823529,0.32352941,7274
2020,"Javy Guerra","WSN",7.1,38,0.90909091,0.19230769,0.38461538,0.42307692,0,0.18181818,0,0,0.26923077,0.53846154,0.19230769,0.11538462,0.42307692,0.46153846,7407
2020,"J.A. Happ","NYY",23.1,94,1.18181818,0.25,0.40625,0.34375,0.09090909,0.18181818,0,0,0.390625,0.40625,0.203125,0.125,0.53125,0.34375,7410
2020,"Gio Gonzalez","CHW",16.1,71,1.75,0.23255814,0.48837209,0.27906977,0.08333333,0.08333333,0.0952381,0,0.39534884,0.37209302,0.23255814,0.1627907,0.58139535,0.25581395,7448
2020,"Jake McGee","LAD",9,36,0.9,0.13636364,0.40909091,0.45454545,0.1,0.1,0,0,0.17391304,0.47826087,0.34782609,0.04347826,0.69565217,0.26086957,7550
2020,"Nick Vincent","MIA",12,42,1.08333333,0.19354839,0.41935484,0.38709677,0,0.08333333,0.07692308,0,0.32258065,0.38709677,0.29032258,0.16129032,0.48387097,0.35483871,7555
2020,"Jordan Lyles","TEX",26.1,114,1.24242424,0.18681319,0.45054945,0.36263736,0.15151515,0.12121212,0.09756098,0,0.40217391,0.34782609,0.25,0.22826087,0.48913043,0.2826087,7593
2020,"Tommy Milone","2 Tms",16.2,76,0.82608696,0.22222222,0.35185185,0.42592593,0.13043478,0.17391304,0.15789474,0,0.5,0.33333333,0.16666667,0.16666667,0.38888889,0.44444444,7608
2020,"Mike Fiers","OAK",33.2,140,0.85365854,0.28301887,0.33018868,0.38679245,0.24390244,0.12195122,0,0,0.42056075,0.39252336,0.18691589,0.14953271,0.51401869,0.3364486,7754
2020,"Richard Bleier","2 Tms",7.1,29,17,0.22727273,0.77272727,0,0,0,0.05882353,0,0.27272727,0.5,0.22727273,0.09090909,0.59090909,0.31818182,7803
2020,"Josh Lindblom","MIL",19.2,82,0.8125,0.36956522,0.2826087,0.34782609,0.0625,0.125,0,0,0.54347826,0.13043478,0.32608696,0.13043478,0.47826087,0.39130435,7882
2020,"Anthony Bass","TOR",14.2,53,1.69230769,0.07894737,0.57894737,0.34210526,0.23076923,0.07692308,0,0,0.36842105,0.28947368,0.34210526,0.28947368,0.47368421,0.23684211,7982
2020,"Marcus Walden","BOS",6,23,1,0.25,0.375,0.375,0,0.16666667,0,0,0.3125,0.4375,0.25,0.0625,0.5,0.4375,8004
2020,"Will Smith","ATL",9.1,37,0.61538462,0.19230769,0.30769231,0.5,0.15384615,0.30769231,0,0,0.42307692,0.34615385,0.23076923,0.15384615,0.46153846,0.38461538,8048
2020,"Brett Anderson","MIL",15.1,64,3.55555556,0.14583333,0.66666667,0.1875,0,0.11111111,0.03125,0,0.41666667,0.52083333,0.0625,0.14583333,0.52083333,0.33333333,8223
2020,"Tanner Roark","TOR",26.1,120,0.78378378,0.21428571,0.3452381,0.44047619,0.10810811,0.24324324,0.06896552,0,0.4,0.35294118,0.24705882,0.12941176,0.45882353,0.41176471,8753
2020,"Wade Miley","CIN",9,37,2,0.33333333,0.44444444,0.22222222,0,0.16666667,0.08333333,0,0.2962963,0.44444444,0.25925926,0.33333333,0.37037037,0.2962963,8779
2020,"Cesar Valdez","BAL",8,29,1.375,0.0952381,0.52380952,0.38095238,0,0,0.09090909,0,0.47619048,0.33333333,0.19047619,0.19047619,0.61904762,0.19047619,9013
2020,"Brad Hand","CLE",9.1,36,0.42857143,0.09090909,0.27272727,0.63636364,0.14285714,0,0.16666667,0,0.45454545,0.31818182,0.22727273,0.13636364,0.59090909,0.27272727,9111
2020,"Nathan Eovaldi","BOS",30.1,129,1.29032258,0.19318182,0.45454545,0.35227273,0.09677419,0.19354839,0.025,0.5,0.34444444,0.32222222,0.33333333,0.16666667,0.48888889,0.34444444,9132
2020,"Patrick Corbin","WSN",27.1,131,1.32258065,0.27272727,0.41414141,0.31313131,0.06451613,0.16129032,0.09756098,0,0.43,0.31,0.26,0.13,0.43,0.44,9323
2020,"Jared Hughes","NYM",8.2,45,4.25,0.22222222,0.62962963,0.14814815,0.5,0,0.11764706,0,0.55555556,0.2962963,0.14814815,0.2962963,0.40740741,0.2962963,9325
2020,"Josh Tomlin","ATL",17.2,78,0.82608696,0.22222222,0.35185185,0.42592593,0.17391304,0.04347826,0.10526316,0,0.29090909,0.43636364,0.27272727,0.2,0.4,0.4,9388
2020,"Dallas Keuchel","CHW",33.1,140,2.07407407,0.22429907,0.52336449,0.25233645,0.11111111,0.07407407,0.08928571,0,0.3853211,0.43119266,0.18348624,0.20183486,0.55963303,0.23853211,9434
2020,"Jeremy Jeffress","CHC",8.2,30,2,0.33333333,0.44444444,0.22222222,0.25,0,0,0,0.27777778,0.5,0.22222222,0.27777778,0.38888889,0.33333333,9490
2020,"David Hale","2 Tms",8.2,37,3,0.2,0.6,0.2,0,0,0.13333333,1,0.26923077,0.5,0.23076923,0.15384615,0.61538462,0.23076923,9756
2020,"Garrett Richards","SDP",30.1,120,1.48,0.29545455,0.42045455,0.28409091,0.08,0.12,0.05405405,1,0.50561798,0.30337079,0.19101124,0.12359551,0.52808989,0.34831461,9784
2020,"Sergio Romo","MIN",7,36,0.75,0.26315789,0.31578947,0.42105263,0.25,0.125,0.16666667,0,0.63157895,0.15789474,0.21052632,0.26315789,0.31578947,0.42105263,9817
2020,"Brandon Kintzler","MIA",11.1,46,2.44444444,0.16216216,0.59459459,0.24324324,0,0.11111111,0.09090909,0,0.37837838,0.40540541,0.21621622,0.21621622,0.43243243,0.35135135,9939
2020,"Mike Minor","2 Tms",23.2,95,0.82758621,0.20895522,0.35820896,0.43283582,0.03448276,0.17241379,0,0,0.47761194,0.37313433,0.14925373,0.13432836,0.46268657,0.40298507,10021
2020,"Tyler Matzek","ATL",15.2,61,0.86666667,0.17647059,0.38235294,0.44117647,0,0.06666667,0.15384615,0,0.29411765,0.38235294,0.32352941,0.20588235,0.55882353,0.23529412,10058
2020,"Brooks Raley","2 Tms",7.2,32,0.5,0.36842105,0.21052632,0.42105263,0.125,0.125,0,0,0.45,0.25,0.3,0.25,0.6,0.15,10061
2020,"Caleb Thielbar","MIN",9.2,39,0.77777778,0.23809524,0.33333333,0.42857143,0.11111111,0,0,0,0.5,0.22727273,0.27272727,0.13636364,0.68181818,0.18181818,10078
2020,"Kyle Gibson","TEX",35,153,2.65,0.28431373,0.51960784,0.19607843,0,0.2,0.03773585,0,0.46601942,0.34951456,0.18446602,0.13592233,0.48543689,0.37864078,10123
2020,"Brad Boxberger","MIA",8.2,35,1.875,0.08,0.6,0.32,0,0.25,0.06666667,0,0.48,0.4,0.12,0.12,0.56,0.32,10133
2020,"Ryan Weber","BOS",13.2,59,2.27272727,0.1627907,0.58139535,0.25581395,0,0.18181818,0,0,0.41860465,0.41860465,0.1627907,0.11627907,0.41860465,0.46511628,10160
2020,"Ryan Tepera","CHC",9.2,44,1.8,0.26315789,0.47368421,0.26315789,0,0.4,0.11111111,0,0.47368421,0.36842105,0.15789474,0.15789474,0.52631579,0.31578947,10291
2020,"Zack Wheeler","PHI",24.2,105,2.3125,0.26388889,0.51388889,0.22222222,0.0625,0.125,0.08108108,0,0.38888889,0.40277778,0.20833333,0.23611111,0.47222222,0.29166667,10310
2020,"Erasmo Ramirez","NYM",7.1,28,0.77777778,0.15789474,0.36842105,0.47368421,0,0,0.14285714,0,0.36842105,0.42105263,0.21052632,0.10526316,0.57894737,0.31578947,10314
2020,"Aaron Loup","TBR",12,47,1.83333333,0.34615385,0.42307692,0.23076923,0,0.33333333,0,0,0.39285714,0.42857143,0.17857143,0.25,0.5,0.25,10343
2020,"Robbie Erlin","2 Tms",17.2,82,0.46875,0.20338983,0.25423729,0.54237288,0.0625,0.21875,0.06666667,0,0.38983051,0.37288136,0.23728814,0.20338983,0.30508475,0.49152542,10354
2020,"Mychal Givens","2 Tms",11.1,47,0.27777778,0.20689655,0.17241379,0.62068966,0.16666667,0.11111111,0,0,0.27586207,0.44827586,0.27586207,0.17241379,0.51724138,0.31034483,10430
2020,"Scott Alexander","LAD",7.1,28,14,0.25,0.7,0.05,0,1,0.07142857,0,0.55,0.35,0.1,0.15,0.55,0.3,10591
2020,"Trevor Rosenthal","2 Tms",15,60,0.5625,0.10714286,0.32142857,0.57142857,0,0.0625,0.11111111,0,0.24137931,0.48275862,0.27586207,0.03448276,0.51724138,0.44827586,10745
2020,"Shane Greene","ATL",15.1,61,1.05555556,0.15909091,0.43181818,0.40909091,0.27777778,0.11111111,0,1,0.44444444,0.28888889,0.26666667,0.22222222,0.53333333,0.24444444,10756
2020,"Asher Wojciechowski","BAL",16.1,74,0.7826087,0.19607843,0.35294118,0.45098039,0.08695652,0.17391304,0.05555556,0,0.37254902,0.37254902,0.25490196,0.1372549,0.50980392,0.35294118,10836
2020,"Adam Kolarek","LAD",7,30,5.33333333,0.0952381,0.76190476,0.14285714,0.33333333,0.33333333,0,0,0.47619048,0.28571429,0.23809524,0.19047619,0.52380952,0.28571429,10843
2020,"Chasen Shreve","NYM",10.1,37,2.75,0.21052632,0.57894737,0.21052632,0,0.25,0,0,0.6,0.2,0.2,0.15,0.5,0.35,10855
2020,"Josh A. Smith","MIA",7.1,37,0.72727273,0.32142857,0.28571429,0.39285714,0,0.18181818,0,0,0.37931034,0.37931034,0.24137931,0.10344828,0.55172414,0.34482759,10946
2020,"Jacob deGrom","NYM",20,81,1.84615385,0.26,0.48,0.26,0.23076923,0.07692308,0.08333333,0,0.32,0.36,0.32,0.18,0.54,0.28,10954
2020,"Merrill Kelly","ARI",18.2,72,1.0952381,0.12,0.46,0.42,0.23809524,0.14285714,0.08695652,0,0.58,0.26,0.16,0.2,0.32,0.48,11156
2020,"Vince Velasquez","PHI",8.2,41,0.77777778,0.38461538,0.26923077,0.34615385,0.11111111,0.22222222,0,0,0.26923077,0.46153846,0.26923077,0.19230769,0.57692308,0.23076923,11189
2020,"Grant Dayton","ATL",11.1,55,0.53333333,0.3030303,0.24242424,0.45454545,0.13333333,0.06666667,0.375,0,0.35294118,0.32352941,0.32352941,0.23529412,0.38235294,0.38235294,11203
2020,"Casey Sadler","2 Tms",5,22,0.5,0.2,0.26666667,0.53333333,0,0.25,0,0,0.46666667,0.2,0.33333333,0.26666667,0.26666667,0.46666667,11209
2020,"Jose Quintana","CHC",6,24,1,0.38461538,0.30769231,0.30769231,0,0.25,0,0,0.30769231,0.38461538,0.30769231,0.07692308,0.30769231,0.61538462,11423
2020,"Drew Pomeranz","SDP",9,33,0.77777778,0,0.4375,0.5625,0.22222222,0,0.14285714,0,0.1875,0.3125,0.5,0.25,0.5,0.25,11426
2020,"Brandon Workman","2 Tms",11,62,2.71428571,0.31578947,0.5,0.18421053,0,0.14285714,0.10526316,0,0.47368421,0.28947368,0.23684211,0.21052632,0.39473684,0.39473684,11428
2020,"A.J. Cole","TOR",12.1,57,0.77777778,0.17948718,0.35897436,0.46153846,0.27777778,0.16666667,0.21428571,0,0.53846154,0.35897436,0.1025641,0.20512821,0.58974359,0.20512821,11467
2020,"Robbie Ray","2 Tms",19.2,100,0.32142857,0.31481481,0.16666667,0.51851852,0.14285714,0.25,0,1,0.45454545,0.27272727,0.27272727,0.18181818,0.30909091,0.50909091,11486
2020,"Josh Osich","2 Tms",8,38,0.54545455,0.26086957,0.26086957,0.47826087,0,0.45454545,0.16666667,0,0.39130435,0.39130435,0.2173913,0.2173913,0.26086957,0.52173913,11528
2020,"Jose Urena","MIA",5,22,0.85714286,0.13333333,0.4,0.46666667,0.14285714,0,0.16666667,0,0.46666667,0.2,0.33333333,0.06666667,0.73333333,0.2,11589
2020,"Dovydas Neverauskas","PIT",8,33,2.16666667,0.17391304,0.56521739,0.26086957,0.16666667,0.16666667,0,0,0.39130435,0.39130435,0.2173913,0.17391304,0.43478261,0.39130435,11604
2020,"Mike Kickham","BOS",6.2,33,0.875,0.21052632,0.36842105,0.42105263,0,0.5,0.28571429,0,0.47368421,0.26315789,0.26315789,0.10526316,0.47368421,0.42105263,11618
2020,"Heath Hembree","2 Tms",10.1,39,1.09090909,0.11538462,0.46153846,0.42307692,0.09090909,0.36363636,0,0,0.5,0.34615385,0.15384615,0.19230769,0.5,0.30769231,11632
2020,"Carlos Martinez","STL",7.1,40,1.36363636,0.16129032,0.48387097,0.35483871,0.18181818,0.18181818,0.2,0,0.38709677,0.29032258,0.32258065,0.22580645,0.48387097,0.29032258,11682
2020,"Luke Jackson","ATL",13.1,72,2.30769231,0.18867925,0.56603774,0.24528302,0.15384615,0.07692308,0.1,0,0.47169811,0.39622642,0.13207547,0.1509434,0.43396226,0.41509434,11752
2020,"Kyle Ryan","CHC",6.2,29,1.11111111,0.0952381,0.47619048,0.42857143,0.11111111,0.33333333,0,0,0.38095238,0.23809524,0.38095238,0.14285714,0.57142857,0.28571429,11753
2020,"Drew Smyly","SFG",12,52,0.81818182,0.28571429,0.32142857,0.39285714,0,0.09090909,0.33333333,0,0.35714286,0.5,0.14285714,0.07142857,0.42857143,0.5,11760
2020,"Hansel Robles","LAA",9.2,44,0.61538462,0.25,0.28571429,0.46428571,0.15384615,0,0,0,0.21428571,0.5,0.28571429,0.25,0.46428571,0.28571429,11801
2020,"James Paxton","NYY",7.1,33,0.75,0.22222222,0.33333333,0.44444444,0.125,0.25,0,0,0.33333333,0.33333333,0.33333333,0.16666667,0.38888889,0.44444444,11828
2020,"Taijuan Walker","2 Tms",22.2,103,1.18518519,0.21333333,0.42666667,0.36,0.11111111,0.14814815,0.125,1,0.44736842,0.34210526,0.21052632,0.15789474,0.51315789,0.32894737,11836
2020,"Chris Martin","ATL",10,33,1,0.1,0.45,0.45,0,0.11111111,0,0,0.14285714,0.47619048,0.38095238,0.14285714,0.57142857,0.28571429,11847
2020,"Matt Andriese","LAA",14.2,53,1.23076923,0.14705882,0.47058824,0.38235294,0.15384615,0,0,0,0.26470588,0.41176471,0.32352941,0.17647059,0.61764706,0.20588235,12022
2020,"Kyle Hendricks","CHC",30,127,1.43333333,0.23958333,0.44791667,0.3125,0.2,0.16666667,0.02325581,0,0.41666667,0.34375,0.23958333,0.17708333,0.60416667,0.21875,12049
2020,"Yimi Garcia","MIA",5.2,23,1.5,0.23076923,0.46153846,0.30769231,0.25,0,0.16666667,0,0.23076923,0.46153846,0.30769231,0.30769231,0.46153846,0.23076923,12095
2020,"Dan Winkler","CHC",6.2,30,1.33333333,0.06666667,0.53333333,0.4,0.5,0.33333333,0.125,0,0.33333333,0.46666667,0.2,0.26666667,0.53333333,0.2,12237
2020,"Evan Marshall","CHW",11,42,1.71428571,0.20833333,0.5,0.29166667,0,0,0,0,0.54166667,0.33333333,0.125,0.16666667,0.41666667,0.41666667,12297
2020,"Chris Bassitt","OAK",25.2,111,1.17241379,0.17105263,0.44736842,0.38157895,0.03448276,0.20689655,0.08823529,0,0.4025974,0.33766234,0.25974026,0.14285714,0.50649351,0.35064935,12304
2020,"Colin Rea","CHC",8.2,39,1.22222222,0.31034483,0.37931034,0.31034483,0,0.22222222,0.09090909,0,0.37931034,0.34482759,0.27586207,0.13793103,0.48275862,0.37931034,12317
2020,"Jacob Barnes","LAA",7.2,34,1,0.33333333,0.33333333,0.33333333,0,0.16666667,0,0,0.26315789,0.63157895,0.10526316,0.10526316,0.63157895,0.26315789,12323
2020,"Nick Tropeano","PIT",9.1,40,0.38461538,0.2173913,0.2173913,0.56521739,0.07692308,0,0.2,1,0.29166667,0.5,0.20833333,0.04166667,0.58333333,0.375,12385
2020,"Seth Lugo","NYM",15.1,70,2.18181818,0.28571429,0.48979592,0.2244898,0,0.36363636,0.08333333,0,0.51020408,0.30612245,0.18367347,0.08163265,0.63265306,0.28571429,12447
2020,"Blake Treinen","LAD",12.1,53,5,0.23076923,0.64102564,0.12820513,0,0,0.12,0,0.48717949,0.28205128,0.23076923,0.17948718,0.51282051,0.30769231,12572
2020,"Ryne Harper","WSN",13.1,52,0.88235294,0.15789474,0.39473684,0.44736842,0.11764706,0.11764706,0.2,1,0.56410256,0.30769231,0.12820513,0.30769231,0.41025641,0.28205128,12680
2020,"Trevor Bauer","CIN",34,128,0.64705882,0.2,0.31428571,0.48571429,0.20588235,0.08823529,0.09090909,0,0.35211268,0.33802817,0.30985915,0.18309859,0.52112676,0.29577465,12703
2020,"Adrian Houser","MIL",28.2,115,4.33333333,0.17948718,0.66666667,0.15384615,0.08333333,0.25,0.03846154,1,0.50632911,0.27848101,0.21518987,0.17721519,0.58227848,0.24050633,12718
2020,"Rafael Montero","TEX",5.1,24,0.83333333,0.26666667,0.33333333,0.4,0,0.16666667,0,0,0.375,0.5,0.125,0.0625,0.5,0.4375,12760
2020,"Sonny Gray","CIN",19.2,92,1.73333333,0.29310345,0.44827586,0.25862069,0.06666667,0,0.11538462,0,0.48275862,0.27586207,0.24137931,0.17241379,0.51724138,0.31034483,12768
2020,"Jairo Diaz","COL",8,38,1.42857143,0.26086957,0.43478261,0.30434783,0.14285714,0,0,0.5,0.36,0.48,0.16,0.12,0.6,0.28,12774
2020,"Noe Ramirez","LAA",8.2,38,1,0.15384615,0.42307692,0.42307692,0.36363636,0.09090909,0.09090909,0,0.46153846,0.26923077,0.26923077,0.30769231,0.38461538,0.30769231,12800
2020,"Matt Wisler","MIN",16.2,72,0.30434783,0.14285714,0.2,0.65714286,0.30434783,0.08695652,0,0,0.38888889,0.44444444,0.16666667,0.27777778,0.5,0.22222222,12804
2020,"Mike Clevinger","2 Tms",10,42,0.58333333,0.2962963,0.25925926,0.44444444,0,0.16666667,0,0,0.55172414,0.27586207,0.17241379,0.06896552,0.4137931,0.51724138,12808
2020,"Shawn Armstrong","BAL",5.2,20,0.66666667,0.23076923,0.30769231,0.46153846,0,0.16666667,0,0,0.30769231,0.53846154,0.15384615,0,0.69230769,0.30769231,12857
2020,"Matt Barnes","BOS",13,63,1.16666667,0.25714286,0.4,0.34285714,0,0.25,0.07142857,0.5,0.37837838,0.2972973,0.32432432,0.02702703,0.64864865,0.32432432,12863
2020,"Tyler Anderson","SFG",29,137,0.6,0.31914894,0.25531915,0.42553191,0.2,0.075,0.04166667,0,0.46315789,0.32631579,0.21052632,0.2,0.53684211,0.26315789,12880
2020,"Alex Claudio","MIL",7.1,30,0.77777778,0.27272727,0.31818182,0.40909091,0.11111111,0,0.14285714,1,0.26086957,0.34782609,0.39130435,0.30434783,0.43478261,0.26086957,12890
2020,"Dylan Bundy","LAA",28.2,109,1.19047619,0.31343284,0.37313433,0.31343284,0.0952381,0.04761905,0,0,0.4,0.32857143,0.27142857,0.22857143,0.51428571,0.25714286,12917
2020,"Archie Bradley","2 Tms",8.2,30,2,0.28571429,0.47619048,0.23809524,0,0,0,0,0.47619048,0.38095238,0.14285714,0.14285714,0.52380952,0.33333333,12918
2020,"Joe Musgrove","PIT",14,67,1.07142857,0.275,0.375,0.35,0.14285714,0.21428571,0.2,0,0.425,0.35,0.225,0.2,0.475,0.325,12970
2020,"Colten Brewer","BOS",12.1,59,1.83333333,0.15,0.55,0.3,0,0.33333333,0,0,0.55,0.3,0.15,0.15,0.425,0.425,12997
2020,"Anthony DeSclafani","CIN",19.1,80,1.86666667,0.25862069,0.48275862,0.25862069,0.06666667,0.06666667,0.03571429,1,0.44067797,0.42372881,0.13559322,0.23728814,0.49152542,0.27118644,13050
2020,"Yu Darvish","CHC",13,52,1.25,0.25,0.41666667,0.33333333,0.16666667,0,0.13333333,0,0.47222222,0.25,0.27777778,0.27777778,0.44444444,0.27777778,13074
2020,"Gerrit Cole","NYY",27.1,112,0.625,0.16129032,0.32258065,0.51612903,0.0625,0.21875,0.05,0,0.41935484,0.32258065,0.25806452,0.12903226,0.43548387,0.43548387,13125
2020,"Zach Davies","SDP",34.2,136,1.08333333,0.19354839,0.41935484,0.38709677,0.05555556,0.08333333,0,0.33333333,0.40625,0.36458333,0.22916667,0.11458333,0.57291667,0.3125,13183
2020,"Jordan Weems","OAK",6,19,5,0.33333333,0.55555556,0.11111111,0,0,0,0,0.6,0.3,0.1,0,0.4,0.6,13190
2020,"Michael Fulmer","DET",11,57,1.08333333,0.375,0.325,0.3,0.25,0.16666667,0.07692308,0,0.25,0.45,0.3,0.2,0.6,0.2,13218
2020,"Ross Stripling","2 Tms",18.1,82,0.7826087,0.25454545,0.32727273,0.41818182,0.04347826,0.2173913,0.05555556,0,0.43636364,0.4,0.16363636,0.09090909,0.45454545,0.45454545,13273
2020,"Jesse Hahn","KCR",6.1,24,1.2,0.21428571,0.42857143,0.35714286,0,0,0,0,0.35714286,0.35714286,0.28571429,0.28571429,0.57142857,0.14285714,13287
2020,"Luis Cessa","NYY",10,41,0.69230769,0.24137931,0.31034483,0.44827586,0.15384615,0,0,0,0.20689655,0.37931034,0.4137931,0.17241379,0.62068966,0.20689655,13345
2020,"Cam Bedrosian","LAA",5.2,21,0.5,0.14285714,0.28571429,0.57142857,0,0,0.25,0,0.35714286,0.35714286,0.28571429,0.14285714,0.35714286,0.5,13360
2020,"Steven Matz","NYM",8.1,41,0.66666667,0.44444444,0.22222222,0.33333333,0.11111111,0.33333333,0.16666667,0,0.25,0.32142857,0.42857143,0.14285714,0.53571429,0.32142857,13361
2020,"Dylan Floro","LAD",11.1,47,2.85714286,0.27027027,0.54054054,0.18918919,0.28571429,0,0.05,0,0.24324324,0.37837838,0.37837838,0.16216216,0.51351351,0.32432432,13394
2020,"Sam Selman","SFG",9,38,0.54545455,0.19047619,0.28571429,0.52380952,0.09090909,0.09090909,0.16666667,0,0.40909091,0.36363636,0.22727273,0.13636364,0.63636364,0.22727273,13397
2020,"Felix Pena","LAA",9.1,37,2,0.08695652,0.60869565,0.30434783,0,0,0,0,0.47826087,0.26086957,0.26086957,0,0.52173913,0.47826087,13403
2020,"Pierce Johnson","SDP",9,38,0.625,0.38095238,0.23809524,0.38095238,0,0.125,0,0,0.33333333,0.33333333,0.33333333,0.0952381,0.52380952,0.38095238,13435
2020,"Taylor Rogers","MIN",5.2,31,0.66666667,0.25,0.3,0.45,0.11111111,0.11111111,0,0,0.3,0.4,0.3,0.15,0.65,0.2,13449
2020,"Lucas Sims","CIN",10.2,43,0.66666667,0.13043478,0.34782609,0.52173913,0.08333333,0.16666667,0,0,0.43478261,0.39130435,0.17391304,0.13043478,0.65217391,0.2173913,13470
2020,"Daniel Norris","DET",15,63,2.3,0.19512195,0.56097561,0.24390244,0.2,0.2,0.13043478,1,0.38095238,0.4047619,0.21428571,0.19047619,0.61904762,0.19047619,13475
2020,"Blake Snell","TBR",23.1,90,1.5,0.19354839,0.48387097,0.32258065,0.1,0.3,0.1,0,0.50793651,0.28571429,0.20634921,0.17460317,0.42857143,0.3968254,13543
2020,"Richard Rodriguez","PIT",7.1,35,0.38461538,0.25,0.20833333,0.54166667,0.07692308,0.15384615,0,0,0.29166667,0.33333333,0.375,0.16666667,0.41666667,0.41666667,13549
2020,"Robert Stephenson","CIN",5.1,18,1,0,0.5,0.5,0,0,0.2,0,0.4,0.4,0.2,0.2,0.6,0.2,13594
2020,"Jakob Junis","KCR",10.1,52,1.41666667,0.21621622,0.45945946,0.32432432,0.08333333,0.33333333,0.11764706,0,0.43243243,0.2972973,0.27027027,0.16216216,0.43243243,0.40540541,13619
2020,"John Gant","STL",6.1,21,8,0.1,0.8,0.1,0,0,0,0,0.3,0.4,0.3,0.2,0.4,0.4,13684
2020,"Robert Gsellman","NYM",5.2,26,1.5,0.16666667,0.5,0.33333333,0,0.16666667,0,0,0.38888889,0.22222222,0.38888889,0.05555556,0.44444444,0.5,13696
2020,"Max Fried","ATL",26.1,107,2.23529412,0.19117647,0.55882353,0.25,0.11764706,0,0.05263158,0,0.44117647,0.33823529,0.22058824,0.22058824,0.52941176,0.25,13743
2020,"Tyler Duffey","MIN",10.2,40,1.85714286,0.13043478,0.56521739,0.30434783,0.14285714,0.14285714,0,0,0.52173913,0.26086957,0.2173913,0.13043478,0.60869565,0.26086957,13758
2020,"Chris Stratton","PIT",12.2,55,1.23076923,0.12121212,0.48484848,0.39393939,0.07692308,0.23076923,0.125,0,0.42424242,0.36363636,0.21212121,0.15151515,0.51515152,0.33333333,13761
2020,"Zach Eflin","PHI",20.1,90,1.73333333,0.22641509,0.49056604,0.28301887,0.06666667,0,0,0,0.50943396,0.20754717,0.28301887,0.1509434,0.52830189,0.32075472,13774
2020,"Alex Wood","LAD",5.1,28,0.72727273,0.13636364,0.36363636,0.5,0,0.09090909,0.125,0,0.40909091,0.45454545,0.13636364,0.09090909,0.5,0.40909091,13781
2020,"Matt Strahm","SDP",11,48,1.16666667,0.25714286,0.4,0.34285714,0.25,0.16666667,0.14285714,0,0.37142857,0.37142857,0.25714286,0.2,0.42857143,0.37142857,13799
2020,"Walker Lockett","2 Tms",9.1,47,1.4,0.27272727,0.42424242,0.3030303,0.2,0.1,0.07142857,0,0.41176471,0.20588235,0.38235294,0.26470588,0.44117647,0.29411765,13804
2020,"Alec Mills","CHC",30,117,1.41935484,0.16666667,0.48888889,0.34444444,0.22580645,0.19354839,0,0,0.42222222,0.31111111,0.26666667,0.18888889,0.48888889,0.32222222,13834
2020,"Brent Suter","MIL",11,52,1.36363636,0.27777778,0.41666667,0.30555556,0.09090909,0.18181818,0.2,0,0.33333333,0.41666667,0.25,0.19444444,0.5,0.30555556,13942
2020,"Michael Wacha","NYM",19,90,0.95833333,0.21666667,0.38333333,0.4,0.04166667,0.16666667,0.08695652,1,0.38709677,0.40322581,0.20967742,0.16129032,0.46774194,0.37096774,14078
2020,"Kevin Gausman","SFG",26.2,103,0.87096774,0.17142857,0.38571429,0.44285714,0.09677419,0.12903226,0.07407407,0,0.45714286,0.4,0.14285714,0.14285714,0.41428571,0.44285714,14107
2020,"Lance McCullers Jr.","HOU",19.1,96,1.52380952,0.1969697,0.48484848,0.31818182,0.0952381,0.19047619,0.03125,0.5,0.51470588,0.23529412,0.25,0.10294118,0.44117647,0.45588235,14120
2020,"Chris Mazza","BOS",18.2,80,0.94444444,0.32692308,0.32692308,0.34615385,0.05555556,0.11111111,0.11764706,0,0.42307692,0.28846154,0.28846154,0.19230769,0.48076923,0.32692308,14151
2020,"Jose Berrios","MIN",31,139,1.24242424,0.25252525,0.41414141,0.33333333,0.09090909,0.12121212,0.07317073,0,0.3960396,0.33663366,0.26732673,0.13861386,0.54455446,0.31683168,14168
2020,"Kyle Zimmer","KCR",10.2,42,1.25,0.18181818,0.45454545,0.36363636,0.125,0,0,0,0.5,0.40909091,0.09090909,0.18181818,0.59090909,0.22727273,14169
2020,"Josh Hader","MIL",6.1,25,0.66666667,0.16666667,0.33333333,0.5,0.16666667,0,0,0,0.41666667,0.25,0.33333333,0.25,0.41666667,0.33333333,14212
2020,"Wandy Peralta","SFG",15.2,66,1.72727273,0.33333333,0.42222222,0.24444444,0.09090909,0.18181818,0.10526316,0,0.44444444,0.28888889,0.26666667,0.22222222,0.4,0.37777778,14295
2020,"Frankie Montas","OAK",22.1,107,1.40909091,0.23188406,0.44927536,0.31884058,0.18181818,0.27272727,0.03225806,0,0.39130435,0.37681159,0.23188406,0.17391304,0.44927536,0.37681159,14309
2020,"Tyler Glasnow","TBR",25.1,107,0.7826087,0.25454545,0.32727273,0.41818182,0.08695652,0.13043478,0.05555556,0,0.41071429,0.32142857,0.26785714,0.17857143,0.42857143,0.39285714,14374
2020,"Amir Garrett","CIN",7.2,26,1.75,0.15384615,0.53846154,0.30769231,0.5,0.5,0,0,0.23076923,0.38461538,0.38461538,0.15384615,0.61538462,0.23076923,14375
2020,"Hyun Jin Ryu","TOR",32.2,129,2.35,0.1625,0.5875,0.25,0.05,0.05,0,0,0.51219512,0.2804878,0.20731707,0.18292683,0.65853659,0.15853659,14444
2020,"J.B. Wendelken","OAK",8.2,36,1.16666667,0.1875,0.4375,0.375,0,0.16666667,0.28571429,0,0.625,0.3125,0.0625,0.125,0.375,0.5,14506
2020,"Jorge Lopez","2 Tms",11,51,1.54545455,0.2,0.48571429,0.31428571,0.09090909,0.18181818,0.05882353,0,0.32432432,0.32432432,0.35135135,0.13513514,0.59459459,0.27027027,14527
2020,"Carlos Estevez","COL",11.1,55,0.73333333,0.31578947,0.28947368,0.39473684,0.06666667,0.26666667,0.09090909,0,0.44736842,0.23684211,0.31578947,0.05263158,0.57894737,0.36842105,14542
2020,"Dakota Bacus","WSN",8.1,42,1.08333333,0.16666667,0.43333333,0.4,0.08333333,0,0.07692308,0,0.26666667,0.43333333,0.3,0.26666667,0.43333333,0.3,14545
2020,"James Hoyt","MIA",7.2,33,1,0.125,0.4375,0.4375,0.28571429,0.14285714,0,0,0.5,0.3125,0.1875,0.3125,0.3125,0.375,14605
2020,"Rowan Wick","CHC",5.1,25,1.8,0.125,0.5625,0.3125,0,0,0.11111111,0,0.4375,0.3125,0.25,0.1875,0.5625,0.25,14646
2020,"Duane Underwood Jr.","CHC",11,41,0.81818182,0.2,0.36,0.44,0,0.09090909,0.11111111,0,0.24,0.36,0.4,0.04,0.6,0.36,14677
2020,"Luis Perdomo","SDP",9.2,45,1.6,0.16129032,0.51612903,0.32258065,0.1,0.3,0.0625,0,0.4516129,0.38709677,0.16129032,0.03225806,0.41935484,0.5483871,14682
2020,"Brady Lail","SEA",8,35,0.8,0.18181818,0.36363636,0.45454545,0.2,0.3,0,0,0.45454545,0.27272727,0.27272727,0.18181818,0.36363636,0.45454545,14707
2020,"Edwin Diaz","NYM",9.1,39,1.66666667,0.33333333,0.41666667,0.25,0,0.33333333,0.2,0,0.33333333,0.41666667,0.25,0.33333333,0.33333333,0.33333333,14710
2020,"Ty Buttrey","LAA",11,45,1.16666667,0.1875,0.4375,0.375,0.08333333,0.16666667,0.07142857,0,0.3030303,0.3030303,0.39393939,0.18181818,0.51515152,0.3030303,14719
2020,"Julio Urias","LAD",17.1,76,0.73913043,0.24528302,0.32075472,0.43396226,0.17391304,0.04347826,0.11764706,0,0.37735849,0.32075472,0.30188679,0.13207547,0.50943396,0.35849057,14765
2020,"Emilio Pagan","SDP",9,41,0.4,0.125,0.25,0.625,0,0.13333333,0.33333333,0,0.45833333,0.29166667,0.25,0.04166667,0.66666667,0.29166667,14771
2020,"Buck Farmer","DET",8,38,2,0.25,0.5,0.25,0.14285714,0.14285714,0,0,0.39285714,0.32142857,0.28571429,0.25,0.46428571,0.28571429,14814
2020,"Michael Lorenzen","CIN",8.2,48,1.66666667,0.22580645,0.48387097,0.29032258,0,0,0,0,0.3125,0.375,0.3125,0.15625,0.53125,0.3125,14843
2020,"Zack Godley","BOS",6,34,1.125,0.22727273,0.40909091,0.36363636,0,0.25,0,0,0.5,0.18181818,0.31818182,0.09090909,0.40909091,0.5,14862
2020,"Caleb Smith","2 Tms",5,26,0.11111111,0,0.1,0.9,0.11111111,0.22222222,0,0,0.45454545,0.36363636,0.18181818,0.09090909,0.45454545,0.45454545,14875
2020,"Taylor Williams","SEA",6,29,1.6,0.13333333,0.53333333,0.33333333,0,0,0,0,0.6,0.26666667,0.13333333,0.06666667,0.33333333,0.6,14899
2020,"Jon Gray","COL",14.1,63,0.5,0.41304348,0.19565217,0.39130435,0.16666667,0,0,0,0.34782609,0.34782609,0.30434783,0.15217391,0.45652174,0.39130435,14916
2020,"Tyler Webb","STL",12,46,0.6,0.22580645,0.29032258,0.48387097,0.2,0,0.11111111,0,0.41935484,0.16129032,0.41935484,0.29032258,0.41935484,0.29032258,14974
2020,"Chad Kuhl","PIT",19.2,88,1.27777778,0.18,0.46,0.36,0.05555556,0.22222222,0.08695652,0,0.45283019,0.37735849,0.16981132,0.16981132,0.43396226,0.39622642,14975
2020,"Giovanny Gallegos","STL",6,25,1,0.33333333,0.33333333,0.33333333,0,0,0.33333333,1,0.5,0.3,0.2,0.1,0.7,0.2,14986
2020,"Scott Barlow","KCR",14.1,64,1.77777778,0.24242424,0.48484848,0.27272727,0,0.22222222,0,1,0.5,0.35294118,0.14705882,0.14705882,0.52941176,0.32352941,14993
2020,"Kyle Finnegan","WSN",9,47,1.1,0.25,0.39285714,0.35714286,0,0.2,0.09090909,0,0.28571429,0.42857143,0.28571429,0.10714286,0.57142857,0.32142857,15009
2020,"Alex Reyes","STL",6.2,25,2,0.1,0.6,0.3,0.33333333,0,0.16666667,0,0.3,0.3,0.4,0.2,0.4,0.4,15015
2020,"German Marquez","COL",36.2,150,1.67741935,0.22429907,0.48598131,0.28971963,0.03225806,0.12903226,0.05769231,0,0.46728972,0.29906542,0.23364486,0.11214953,0.56074766,0.3271028,15038
2020,"Lou Trivino","OAK",15.1,59,1.9,0.14705882,0.55882353,0.29411765,0.2,0.2,0.10526316,0,0.5,0.35294118,0.14705882,0.26470588,0.47058824,0.26470588,15043
2020,"Trevor Gott","SFG",6.1,27,0.30769231,0.10526316,0.21052632,0.68421053,0,0.15384615,0,0,0.21052632,0.31578947,0.47368421,0,0.57894737,0.42105263,15046
2020,"Austin Voth","WSN",19.2,101,0.48484848,0.28985507,0.23188406,0.47826087,0.06060606,0.24242424,0,0,0.4057971,0.28985507,0.30434783,0.11594203,0.44927536,0.43478261,15047
2020,"Yency Almonte","COL",11.1,43,1.07692308,0.12903226,0.4516129,0.41935484,0.07692308,0,0.07142857,0,0.40625,0.40625,0.1875,0.21875,0.46875,0.3125,15068
2020,"Jake Newberry","KCR",9,38,0.33333333,0.09090909,0.22727273,0.68181818,0.13333333,0.13333333,0.2,0,0.5,0.31818182,0.18181818,0.27272727,0.36363636,0.36363636,15136
2020,"Aaron Slegers","TBR",14,56,2.3,0.19512195,0.56097561,0.24390244,0.1,0.1,0.04347826,0,0.64285714,0.21428571,0.14285714,0.23809524,0.42857143,0.33333333,15231
2020,"Cody Reed","2 Tms",5.2,26,2.33333333,0.33333333,0.46666667,0.2,0,0.33333333,0.14285714,0,0.33333333,0.4,0.26666667,0.06666667,0.66666667,0.26666667,15232
2020,"Cole Sulser","BAL",7.2,38,1.28571429,0.2,0.45,0.35,0.14285714,0.14285714,0.22222222,0,0.36363636,0.40909091,0.22727273,0.22727273,0.68181818,0.09090909,15256
2020,"Steven Brault","PIT",13,61,2,0.21052632,0.52631579,0.26315789,0,0.1,0.15,0,0.38461538,0.35897436,0.25641026,0.23076923,0.53846154,0.23076923,15291
2020,"Andrew Heaney","LAA",30.2,131,1,0.25274725,0.37362637,0.37362637,0.05882353,0.11764706,0,1,0.38043478,0.41304348,0.20652174,0.16304348,0.42391304,0.41304348,15423
2020,"Matthew Boyd","DET",25,110,1.08,0.23529412,0.39705882,0.36764706,0.12,0.32,0.07407407,0,0.45588235,0.29411765,0.25,0.17647059,0.57352941,0.25,15440
2020,"Mike Mayers","LAA",9,35,0.6,0.2,0.3,0.5,0.1,0,0,0,0.2,0.45,0.35,0.2,0.45,0.35,15451
2020,"Marco Gonzales","SEA",36.2,148,0.86956522,0.21818182,0.36363636,0.41818182,0.13043478,0.06521739,0.075,0,0.42727273,0.36363636,0.20909091,0.19090909,0.39090909,0.41818182,15467
2020,"Lucas Giolito","CHW",23,90,1.29411765,0.23529412,0.43137255,0.33333333,0,0.17647059,0.09090909,0,0.55769231,0.21153846,0.23076923,0.11538462,0.46153846,0.42307692,15474
2020,"Antonio Senzatela","COL",34.2,147,1.35897436,0.2,0.46086957,0.33913043,0.05128205,0.17948718,0.09433962,0,0.4,0.33043478,0.26956522,0.13043478,0.49565217,0.37391304,15488
2020,"Kendall Graveman","SEA",6,28,1.33333333,0.17647059,0.47058824,0.35294118,0,0.33333333,0.125,0,0.41176471,0.47058824,0.11764706,0,0.58823529,0.41176471,15514
2020,"Eric Yardley","MIL",8.1,35,4.25,0.19230769,0.65384615,0.15384615,0.25,0.25,0.05882353,0,0.42307692,0.38461538,0.19230769,0.15384615,0.61538462,0.23076923,15538
2020,"Tyler Rogers","SFG",13,56,2.18181818,0.18604651,0.55813953,0.25581395,0.09090909,0.18181818,0.04166667,0,0.34883721,0.3255814,0.3255814,0.23255814,0.60465116,0.1627907,15541
2020,"Chad Green","NYY",12.1,49,0.92857143,0.1,0.43333333,0.46666667,0.14285714,0.14285714,0.15384615,0,0.33333333,0.26666667,0.4,0.3,0.43333333,0.26666667,15552
2020,"Nick Wittgren","CLE",11.1,47,1,0.30769231,0.34615385,0.34615385,0.11111111,0.33333333,0.11111111,0,0.44444444,0.37037037,0.18518519,0.14814815,0.44444444,0.40740741,15594
2020,"Phillips Valdez","BOS",13.1,52,1.16666667,0.27777778,0.38888889,0.33333333,0,0,0,0,0.36111111,0.19444444,0.44444444,0.25,0.58333333,0.16666667,15605
2020,"Miguel Castro","2 Tms",9.2,45,1.375,0.20833333,0.45833333,0.33333333,0,0.25,0.27272727,0,0.5,0.29166667,0.20833333,0.16666667,0.54166667,0.29166667,15684
2020,"Luis Castillo","CIN",35.1,150,2.94736842,0.17582418,0.61538462,0.20879121,0.05263158,0.05263158,0.05357143,0,0.51648352,0.26373626,0.21978022,0.18681319,0.48351648,0.32967033,15689
2020,"Jimmy Cordero","CHW",10.2,53,1.33333333,0.38235294,0.35294118,0.26470588,0.11111111,0.11111111,0.08333333,0,0.32352941,0.47058824,0.20588235,0.17647059,0.58823529,0.23529412,15690
2020,"Brad Keller","KCR",21.2,95,1.77777778,0.27536232,0.46376812,0.26086957,0.11111111,0.11111111,0.125,0.5,0.36619718,0.36619718,0.26760563,0.15492958,0.45070423,0.3943662,15734
2020,"Joe Jimenez","DET",8.2,48,0.58333333,0.2962963,0.25925926,0.44444444,0,0.5,0.28571429,0,0.59259259,0.40740741,0,0.03703704,0.18518519,0.77777778,15761
2020,"Masahiro Tanaka","NYY",15.1,56,1,0.15,0.425,0.425,0.17647059,0.05882353,0.05882353,1,0.51219512,0.29268293,0.19512195,0.24390244,0.53658537,0.2195122,15764
2020,"Devin Williams","MIL",8.2,35,1,0.07692308,0.46153846,0.46153846,0.16666667,0.16666667,0.33333333,0,0.69230769,0.07692308,0.23076923,0.15384615,0.46153846,0.38461538,15816
2020,"Paul Fry","BAL",8.2,39,2.5,0.16,0.6,0.24,0.33333333,0.16666667,0.06666667,0,0.36,0.24,0.4,0.28,0.4,0.32,15832
2020,"Adam Plutko","CLE",6.2,30,0.18181818,0.45833333,0.08333333,0.45833333,0.27272727,0,0,0,0.33333333,0.375,0.29166667,0.25,0.45833333,0.29166667,15846
2020,"Wander Suero","WSN",13.1,51,1.2,0.29032258,0.38709677,0.32258065,0.2,0,0.08333333,0,0.25806452,0.4516129,0.29032258,0.12903226,0.61290323,0.25806452,15855
2020,"Stephen Tarpley","MIA",6.2,29,1.33333333,0.125,0.5,0.375,0.16666667,0.16666667,0,0.5,0.33333333,0.27777778,0.38888889,0.27777778,0.55555556,0.16666667,15859
2020,"Sean Manaea","OAK",22.2,99,1.9,0.20547945,0.52054795,0.2739726,0.2,0.1,0.07894737,0,0.46575342,0.31506849,0.21917808,0.17808219,0.42465753,0.39726027,15873
2020,"Lewis Thorpe","MIN",6.1,30,0.72727273,0.17391304,0.34782609,0.47826087,0.18181818,0.09090909,0.125,1,0.29166667,0.33333333,0.375,0.29166667,0.41666667,0.29166667,15906
2020,"Ryne Stanek","MIA",5,21,0.57142857,0.15384615,0.30769231,0.53846154,0,0.14285714,0.25,1,0.57142857,0.35714286,0.07142857,0.07142857,0.57142857,0.35714286,15947
2020,"Keury Mella","ARI",5.2,25,0.85714286,0.23529412,0.35294118,0.41176471,0,0.14285714,0.16666667,0,0.29411765,0.52941176,0.17647059,0.05882353,0.52941176,0.41176471,15964
2020,"Stefan Crichton","ARI",12,49,1.27272727,0.26470588,0.41176471,0.32352941,0.18181818,0,0.14285714,0,0.64705882,0.20588235,0.14705882,0.17647059,0.5,0.32352941,16058
2020,"Cy Sneed","HOU",6,37,0.77777778,0.30434783,0.30434783,0.39130435,0,0.11111111,0,0,0.375,0.41666667,0.20833333,0,0.625,0.375,16106
2020,"Daniel Ponce de Leon","STL",13,56,0.75,0.125,0.375,0.5,0,0.25,0.11111111,0,0.5,0.33333333,0.16666667,0.16666667,0.5,0.33333333,16110
2020,"Jordan Romano","TOR",8.2,34,2.2,0.15789474,0.57894737,0.26315789,0,0,0.09090909,0,0.31578947,0.36842105,0.31578947,0.15789474,0.57894737,0.26315789,16122
2020,"John Curtiss","TBR",10,41,0.90909091,0.25,0.35714286,0.39285714,0,0.18181818,0.4,0,0.39285714,0.39285714,0.21428571,0.03571429,0.32142857,0.64285714,16128
2020,"David Hess","BAL",7,32,0.90909091,0.27586207,0.34482759,0.37931034,0.09090909,0.09090909,0,0,0.44827586,0.27586207,0.27586207,0.13793103,0.55172414,0.31034483,16130
2020,"Brandon Leibrandt","MIA",6.2,26,0.875,0.25,0.35,0.4,0.125,0,0,0,0.3,0.3,0.4,0.1,0.6,0.3,16135
2020,"Carlos Rodon","CHW",5.2,26,0.85714286,0.27777778,0.33333333,0.38888889,0.28571429,0.14285714,0,0,0.55555556,0.27777778,0.16666667,0.16666667,0.44444444,0.38888889,16137
2020,"Aaron Nola","PHI",22,96,2.13333333,0.1754386,0.56140351,0.26315789,0,0.33333333,0.03125,0,0.35087719,0.38596491,0.26315789,0.12280702,0.47368421,0.40350877,16149
2020,"Jace Fry","CHW",7.1,35,1.5,0.28571429,0.42857143,0.28571429,0,0.33333333,0,0,0.38095238,0.42857143,0.19047619,0.04761905,0.57142857,0.38095238,16159
2020,"Brandon Woodruff","MIL",30.2,125,1.625,0.16,0.52,0.32,0.16666667,0.125,0.07692308,1,0.30263158,0.46052632,0.23684211,0.18421053,0.57894737,0.23684211,16162
2020,"Spencer Turnbull","DET",23.1,107,1.61904762,0.16666667,0.51515152,0.31818182,0.04761905,0.0952381,0.02941176,0,0.28358209,0.43283582,0.28358209,0.04477612,0.62686567,0.32835821,16207
2020,"Tejay Antone","CIN",18,74,1.4,0.1,0.525,0.375,0.06666667,0.06666667,0.0952381,0,0.3,0.375,0.325,0.25,0.55,0.2,16233
2020,"Kyle Freeland","COL",24,95,2.46153846,0.23728814,0.54237288,0.22033898,0,0.15384615,0,0.25,0.50793651,0.34920635,0.14285714,0.15873016,0.58730159,0.25396825,16256
2020,"Sam Howard","PIT",11,40,0.72727273,0.0952381,0.38095238,0.52380952,0.45454545,0.18181818,0,0,0.38095238,0.19047619,0.42857143,0.42857143,0.38095238,0.19047619,16265
2020,"John Means","BAL",16,62,0.90909091,0.10638298,0.42553191,0.46808511,0.18181818,0.18181818,0,0,0.40425532,0.40425532,0.19148936,0.17021277,0.61702128,0.21276596,16269
2020,"Ryan Borucki","TOR",10,44,0.72727273,0.24,0.32,0.44,0,0.09090909,0,0,0.32,0.36,0.32,0.2,0.6,0.2,16350
2020,"Tyler Mahle","CIN",12.2,59,0.69230769,0.33333333,0.27272727,0.39393939,0.15384615,0.07692308,0,0,0.3030303,0.45454545,0.24242424,0.27272727,0.54545455,0.18181818,16358
2020,"Ryan Castellani","COL",14.1,57,0.84210526,0.125,0.4,0.475,0,0.26315789,0,0,0.325,0.375,0.3,0.1,0.45,0.45,16377
2020,"Reynaldo Lopez","CHW",5,25,0.71428571,0.14285714,0.35714286,0.5,0.14285714,0.14285714,0,0,0.35714286,0.42857143,0.21428571,0.14285714,0.28571429,0.57142857,16400
2020,"Yonny Chirinos","TBR",7.1,35,0.7,0.29166667,0.29166667,0.41666667,0.3,0.2,0,1,0.52,0.16,0.32,0.28,0.36,0.36,16401
2020,"Victor Gonzalez","LAD",11,46,2.22222222,0.09375,0.625,0.28125,0,0,0.05,0,0.46875,0.3125,0.21875,0.21875,0.59375,0.1875,16408
2020,"Blake Taylor","HOU",5.2,27,1.8,0.06666667,0.6,0.33333333,0,0,0,0,0.4,0.26666667,0.33333333,0.13333333,0.6,0.26666667,16418
2020,"Ryan Yarbrough","TBR",30,126,1.52,0.29213483,0.42696629,0.28089888,0,0.04,0.07894737,0.5,0.40659341,0.35164835,0.24175824,0.1978022,0.57142857,0.23076923,16502
2020,"Dan Altavilla","2 Tms",9.1,44,0.81818182,0.2,0.36,0.44,0.18181818,0.18181818,0,0,0.44,0.28,0.28,0.16,0.32,0.52,16507
2020,"Jordan Montgomery","NYY",12,59,1.5,0.20454545,0.47727273,0.31818182,0.07142857,0.14285714,0.28571429,0,0.45454545,0.31818182,0.22727273,0.20454545,0.40909091,0.38636364,16511
2020,"Austin Gomber","STL",6.2,30,1,0.22222222,0.38888889,0.38888889,0,0.14285714,0,0,0.55555556,0.11111111,0.33333333,0.05555556,0.44444444,0.5,16561
2020,"Jonathan Holder","NYY",11,51,1.07142857,0.19444444,0.41666667,0.38888889,0.14285714,0.07142857,0.06666667,0,0.47222222,0.22222222,0.30555556,0.13888889,0.66666667,0.19444444,16588
2020,"Ryan Thompson","TBR",11,51,2.33333333,0.21052632,0.55263158,0.23684211,0,0.33333333,0.0952381,0,0.34210526,0.42105263,0.23684211,0.23684211,0.5,0.26315789,16647
2020,"Julian Merryweather","TOR",5.2,27,1.66666667,0.46666667,0.33333333,0.2,0.66666667,0,0,0,0.26666667,0.46666667,0.26666667,0.2,0.46666667,0.33333333,16703
2020,"Josh James","HOU",7,35,0.54545455,0.15,0.3,0.55,0.09090909,0.18181818,0,0,0.2,0.4,0.4,0.2,0.6,0.2,16794
2020,"Cam Hill","CLE",11,43,0.92857143,0.15625,0.40625,0.4375,0,0.21428571,0.07692308,0,0.5625,0.1875,0.25,0.1875,0.46875,0.34375,16840
2020,"Luke Weaver","ARI",26,113,0.94117647,0.15384615,0.41025641,0.43589744,0.08823529,0.17647059,0.0625,1,0.46835443,0.30379747,0.2278481,0.11392405,0.53164557,0.35443038,16918
2020,"Touki Toussaint","ATL",9.1,52,1.4,0.27272727,0.42424242,0.3030303,0.1,0.4,0.21428571,0,0.47058824,0.32352941,0.20588235,0.05882353,0.55882353,0.38235294,16929
2020,"Elieser Hernandez","MIA",18.2,79,0.66666667,0.2,0.32,0.48,0.08333333,0.20833333,0.0625,0,0.42,0.26,0.32,0.14,0.4,0.46,16933
2020,"Trevor Williams","PIT",28.1,137,1.20588235,0.20212766,0.43617021,0.36170213,0.02941176,0.26470588,0.09756098,1,0.42708333,0.34375,0.22916667,0.10416667,0.55208333,0.34375,16977
2020,"Daniel Mengden","OAK",8.1,39,0.91666667,0.14814815,0.40740741,0.44444444,0.08333333,0.08333333,0,0,0.55555556,0.2962963,0.14814815,0.07407407,0.62962963,0.2962963,16980
2020,"Pablo Lopez","MIA",20.2,97,2.76923077,0.22222222,0.57142857,0.20634921,0.15384615,0.15384615,0.08333333,0,0.42857143,0.23809524,0.33333333,0.20634921,0.49206349,0.3015873,17085
2020,"Raisel Iglesias","CIN",11,45,1.625,0.25,0.46428571,0.28571429,0.125,0,0.15384615,0,0.39285714,0.39285714,0.21428571,0.10714286,0.64285714,0.25,17130
2020,"Yoan Lopez","ARI",7.2,33,1,0.08333333,0.45833333,0.45833333,0,0.18181818,0.09090909,0,0.54166667,0.29166667,0.16666667,0.08333333,0.625,0.29166667,17181
2020,"Dinelson Lamet","SDP",23.1,92,0.75,0.17647059,0.35294118,0.47058824,0.04166667,0.08333333,0,1,0.36538462,0.28846154,0.34615385,0.25,0.48076923,0.26923077,17186
2020,"Jalen Beeks","TBR",9.1,39,1.85714286,0.23076923,0.5,0.26923077,0.14285714,0,0,0.5,0.35714286,0.21428571,0.42857143,0.17857143,0.71428571,0.10714286,17192
2020,"Austin Brice","BOS",6.2,29,1.25,0.25,0.41666667,0.33333333,0,0.25,0,0,0.58333333,0.41666667,0,0.25,0.5,0.25,17237
2020,"Sam Coonrod","SFG",5.1,28,1.28571429,0.2,0.45,0.35,0,0,0,0,0.35,0.2,0.45,0.1,0.45,0.45,17264
2020,"Justus Sheffield","SEA",20.2,93,1.77777778,0.18032787,0.52459016,0.29508197,0.11111111,0.05555556,0.09375,0,0.54098361,0.24590164,0.21311475,0.16393443,0.55737705,0.27868852,17285
2020,"Javy Guerra","SDP",6.2,39,3.2,0.3,0.53333333,0.16666667,0.2,0.2,0.0625,0,0.33333333,0.3,0.36666667,0.1,0.56666667,0.33333333,17292
2020,"Framber Valdez","HOU",33,138,2.63636364,0.19191919,0.58585859,0.22222222,0.04545455,0.18181818,0.05172414,0,0.36363636,0.35353535,0.28282828,0.12121212,0.50505051,0.37373737,17295
2020,"Brett Martin","TEX",7.2,32,1.1,0,0.52380952,0.47619048,0.3,0,0.09090909,0,0.5,0.18181818,0.31818182,0.27272727,0.40909091,0.31818182,17369
2020,"Erick Fedde","WSN",26.1,114,2.38095238,0.1744186,0.58139535,0.24418605,0.04761905,0.28571429,0.04,0,0.42528736,0.35632184,0.2183908,0.18390805,0.51724138,0.29885057,17425
2020,"Jeff Hoffman","COL",6.2,26,1.125,0.15,0.45,0.4,0.25,0.125,0.11111111,0,0.25,0.5,0.25,0.15,0.55,0.3,17432
2020,"Jonathan Hernandez","TEX",12.2,47,1.81818182,0.13888889,0.55555556,0.30555556,0,0,0,0,0.45945946,0.35135135,0.18918919,0.13513514,0.40540541,0.45945946,17464
2020,"Jack Flaherty","STL",13.1,64,0.8,0.37931034,0.27586207,0.34482759,0.1,0.3,0,0,0.4,0.43333333,0.16666667,0.06666667,0.4,0.53333333,17479
2020,"Genesis Cabrera","STL",8,33,1,0.33333333,0.33333333,0.33333333,0,0.25,0,0,0.58333333,0.16666667,0.25,0.08333333,0.58333333,0.33333333,17490
2020,"Diego Castillo","TBR",11,47,2.125,0.13793103,0.5862069,0.27586207,0,0.25,0,0,0.55172414,0.13793103,0.31034483,0.20689655,0.62068966,0.17241379,17496
2020,"Jimmy Herget","TEX",10.2,46,0.61538462,0.27586207,0.27586207,0.44827586,0.15384615,0.07692308,0.25,0,0.34482759,0.31034483,0.34482759,0.20689655,0.51724138,0.27586207,17556
2020,"JT Brubaker","PIT",15.1,62,0.92857143,0.30769231,0.33333333,0.35897436,0.14285714,0.07142857,0,0,0.28205128,0.46153846,0.25641026,0.12820513,0.64102564,0.23076923,17578
2020,"Jordan Yamamoto","MIA",6,40,1.09090909,0.17857143,0.42857143,0.39285714,0,0.54545455,0.25,0,0.64285714,0.21428571,0.14285714,0.07142857,0.39285714,0.53571429,17585
2020,"Tanner Scott","BAL",9,39,2.4,0.19047619,0.57142857,0.23809524,0,0,0.08333333,0,0.42857143,0.33333333,0.23809524,0.0952381,0.71428571,0.19047619,17586
2020,"Mitch Keller","PIT",10.2,45,0.70588235,0.03333333,0.4,0.56666667,0,0.23529412,0.08333333,0,0.4,0.43333333,0.16666667,0.06666667,0.56666667,0.36666667,17594
2020,"Cristian Javier","HOU",19.2,84,0.59259259,0.2037037,0.2962963,0.5,0.07407407,0.22222222,0.1875,1,0.43636364,0.27272727,0.29090909,0.18181818,0.50909091,0.30909091,17606
2020,"Tanner Rainey","WSN",8.2,33,0.33333333,0.2,0.2,0.6,0,0.33333333,0,0,0.6,0.2,0.2,0.3,0.2,0.5,17610
2020,"Taylor Clarke","ARI",18.1,78,1.2,0.2,0.43636364,0.36363636,0.1,0.15,0.04166667,0,0.45454545,0.30909091,0.23636364,0.12727273,0.45454545,0.41818182,17611
2020,"Jeffrey Springs","BOS",5,22,0.6,0.33333333,0.25,0.41666667,0,0,0,1,0.53846154,0.15384615,0.30769231,0.15384615,0.46153846,0.38461538,17677
2020,"Evan Phillips","BAL",5.1,24,0.83333333,0.08333333,0.41666667,0.5,0.16666667,0,0.2,0,0.30769231,0.23076923,0.46153846,0.23076923,0.53846154,0.23076923,17734
2020,"Tyler Alexander","DET",8.1,40,0.78571429,0.13793103,0.37931034,0.48275862,0.07142857,0.21428571,0.09090909,0,0.4137931,0.24137931,0.34482759,0.24137931,0.4137931,0.34482759,17735
2020,"Jose Alvarado","TBR",5,30,0.625,0.23529412,0.29411765,0.47058824,0.125,0.25,0.4,0,0.35294118,0.41176471,0.23529412,0.11764706,0.58823529,0.29411765,17780
2020,"Dillon Tate","BAL",7.2,29,3,0.2,0.6,0.2,0,0,0.16666667,0.5,0.59090909,0.27272727,0.13636364,0.18181818,0.36363636,0.45454545,17796
2020,"Adbert Alzolay","CHC",6,22,1.75,0.08333333,0.58333333,0.33333333,0,0,0.14285714,0,0.41666667,0.41666667,0.16666667,0.16666667,0.41666667,0.41666667,17859
2020,"Franklyn Kilome","NYM",10,48,1.1,0.27586207,0.37931034,0.34482759,0.1,0.3,0,0,0.43333333,0.33333333,0.23333333,0.13333333,0.46666667,0.4,17861
2020,"Dennis Santana","LAD",8.2,37,2.2,0.2,0.55,0.25,0,0.4,0.27272727,0,0.6,0.3,0.1,0.25,0.5,0.25,17878
2020,"Cody Ponce","PIT",14,54,0.7,0.15,0.35,0.5,0.15,0.15,0,0,0.35,0.375,0.275,0.2,0.425,0.375,17920
2020,"Trent Thornton","TOR",5,25,1.4,0.33333333,0.38888889,0.27777778,0,0,0.14285714,0,0.44444444,0.38888889,0.16666667,0.11111111,0.44444444,0.44444444,17948
2020,"Logan Webb","SFG",25,113,1.44,0.24691358,0.44444444,0.30864198,0.12,0.12,0.08333333,1,0.34146341,0.42682927,0.23170732,0.17073171,0.59756098,0.23170732,17995
2020,"Pete Fairbanks","TBR",10.1,40,1,0.18181818,0.40909091,0.40909091,0.22222222,0,0.11111111,0,0.36363636,0.45454545,0.18181818,0.18181818,0.31818182,0.5,17998
2020,"Triston McKenzie","CLE",18.1,75,0.73913043,0.16666667,0.35416667,0.47916667,0.13043478,0.17391304,0,0,0.375,0.41666667,0.20833333,0.25,0.4375,0.3125,18000
2020,"Phil Maton","CLE",10.2,50,1.5,0.34782609,0.39130435,0.26086957,0.16666667,0,0,0,0.17391304,0.39130435,0.43478261,0.26086957,0.43478261,0.30434783,18064
2020,"Cody Stashak","MIN",7.1,27,0.75,0.17647059,0.35294118,0.47058824,0.25,0.25,0,0,0.23529412,0.29411765,0.47058824,0.29411765,0.47058824,0.23529412,18088
2020,"Ryan Helsley","STL",5,23,0.5,0.14285714,0.28571429,0.57142857,0.125,0.125,0.25,0,0.5,0.35714286,0.14285714,0.07142857,0.42857143,0.5,18138
2020,"Anthony Misiewicz","SEA",11.2,49,1,0.31034483,0.34482759,0.34482759,0.2,0.1,0.1,1,0.46666667,0.2,0.33333333,0.2,0.4,0.4,18152
2020,"Zac Grotz","SEA",5.1,34,0.7,0.22727273,0.31818182,0.45454545,0.2,0.3,0.28571429,0,0.36363636,0.31818182,0.31818182,0.31818182,0.31818182,0.36363636,18256
2020,"Jarlin Garcia","SFG",8.1,34,1,0.08333333,0.45833333,0.45833333,0.09090909,0,0,0,0.5,0.16666667,0.33333333,0.16666667,0.58333333,0.25,18282
2020,"Tyler Kinley","COL",10.1,43,0.58333333,0.0952381,0.33333333,0.57142857,0,0.08333333,0,0,0.45454545,0.40909091,0.13636364,0.09090909,0.59090909,0.31818182,18297
2020,"Andrew Suarez","SFG",5,20,1.2,0.21428571,0.42857143,0.35714286,0,0,0,0,0.21428571,0.64285714,0.14285714,0.07142857,0.14285714,0.78571429,18300
2020,"Jacob Waguespack","TOR",8.1,44,0.66666667,0.33333333,0.26666667,0.4,0.08333333,0.16666667,0.125,0,0.3,0.46666667,0.23333333,0.26666667,0.4,0.33333333,18318
2020,"Taylor Hearn","TEX",6.2,28,0.33333333,0.14285714,0.21428571,0.64285714,0.22222222,0.11111111,0,0,0.35714286,0.35714286,0.28571429,0.21428571,0.42857143,0.35714286,18325
2020,"Alex Young","ARI",23.2,111,0.86111111,0.21176471,0.36470588,0.42352941,0,0.19444444,0.03225806,0,0.42352941,0.38823529,0.18823529,0.05882353,0.51764706,0.42352941,18333
2020,"Josh Staumont","KCR",11.1,53,0.33333333,0.11111111,0.22222222,0.66666667,0.25,0.08333333,0,0,0.44444444,0.22222222,0.33333333,0.16666667,0.5,0.33333333,18335
2020,"Nick Anderson","TBR",8,26,0.2,0,0.16666667,0.83333333,0.1,0,0,0,0.08333333,0.5,0.41666667,0.08333333,0.58333333,0.33333333,18337
2020,"Jaime Barria","LAA",10.1,42,1.54545455,0.09677419,0.5483871,0.35483871,0.27272727,0,0.05882353,0,0.35483871,0.41935484,0.22580645,0.25806452,0.51612903,0.22580645,18356
2020,"Thomas Eshelman","BAL",11,43,0.84615385,0.31428571,0.31428571,0.37142857,0.15384615,0.15384615,0,0,0.34285714,0.45714286,0.2,0.22857143,0.45714286,0.31428571,18361
2020,"Mike Soroka","ATL",6,21,2.25,0.23529412,0.52941176,0.23529412,0.25,0,0,0,0.52941176,0.35294118,0.11764706,0.11764706,0.58823529,0.29411765,18383
2020,"Jose Urquidy","HOU",6,23,0.30769231,0.10526316,0.21052632,0.68421053,0,0.07692308,0,0,0.36842105,0.31578947,0.31578947,0.10526316,0.52631579,0.36842105,18413
2020,"Kenta Maeda","MIN",33.2,132,1.59259259,0.22222222,0.47777778,0.3,0.18518519,0.25925926,0.06976744,0,0.48888889,0.3,0.21111111,0.27777778,0.46666667,0.25555556,18498
2020,"Dylan Cease","CHW",33.1,146,1.02439024,0.22429907,0.39252336,0.38317757,0.02439024,0.17073171,0.0952381,0,0.44859813,0.3364486,0.21495327,0.10280374,0.5046729,0.39252336,18525
2020,"Travis Lakins Sr.","BAL",11.1,51,0.76923077,0.3030303,0.3030303,0.39393939,0.15384615,0.07692308,0,0,0.39393939,0.24242424,0.36363636,0.12121212,0.66666667,0.21212121,18600
2020,"A.J. Minter","ATL",11,40,1.11111111,0.13636364,0.45454545,0.40909091,0.22222222,0,0,0,0.31818182,0.5,0.18181818,0.22727273,0.54545455,0.22727273,18655
2020,"Jake Woodford","STL",8.1,35,1.66666667,0.11111111,0.55555556,0.33333333,0.11111111,0.44444444,0,0,0.37037037,0.48148148,0.14814815,0.07407407,0.51851852,0.40740741,18674
2020,"Freddy Peralta","MIL",13.1,58,0.8,0.25,0.33333333,0.41666667,0.3,0.1,0,0.5,0.46153846,0.23076923,0.30769231,0.11538462,0.34615385,0.53846154,18679
2020,"Sandy Alcantara","MIA",12.2,48,1.4,0.14285714,0.5,0.35714286,0.1,0.1,0.07142857,0,0.35714286,0.35714286,0.28571429,0.25,0.53571429,0.21428571,18684
2020,"Kolby Allard","TEX",19.1,91,0.68965517,0.18333333,0.33333333,0.48333333,0.10344828,0.13793103,0.05,1,0.31147541,0.39344262,0.29508197,0.14754098,0.52459016,0.32786885,18694
2020,"Conner Menez","SFG",6,26,0.3,0.23529412,0.17647059,0.58823529,0.2,0.2,0,0,0.44444444,0.33333333,0.22222222,0.27777778,0.44444444,0.27777778,19199
2020,"Dakota Hudson","STL",18,69,2.46153846,0.1,0.64,0.26,0,0.15384615,0.03125,0,0.48,0.38,0.14,0.14,0.42,0.44,19206
2020,"Caleb Baragar","SFG",11.1,46,0.27272727,0.2,0.17142857,0.62857143,0.18181818,0.09090909,0.16666667,0,0.37142857,0.25714286,0.37142857,0.2,0.57142857,0.22857143,19231
2020,"Wes Benjamin","TEX",12.1,54,0.64705882,0.2,0.31428571,0.48571429,0.11764706,0.11764706,0,1,0.36111111,0.38888889,0.25,0.11111111,0.55555556,0.33333333,19243
2020,"Thomas Hatch","TOR",14,57,1.07142857,0.06451613,0.48387097,0.4516129,0.21428571,0.14285714,0.06666667,0,0.1875,0.46875,0.34375,0.21875,0.5,0.28125,19264
2020,"Taylor Widener","ARI",7,32,0.27272727,0.17647059,0.17647059,0.64705882,0,0.27272727,0,0,0.23529412,0.52941176,0.23529412,0.11764706,0.41176471,0.47058824,19266
2020,"Justin Dunn","SEA",19,90,0.64285714,0.19298246,0.31578947,0.49122807,0.10714286,0.10714286,0,0,0.38596491,0.47368421,0.14035088,0.15789474,0.56140351,0.28070175,19268
2020,"Zac Gallen","ARI",35,141,1.43333333,0.17977528,0.48314607,0.33707865,0.06666667,0.1,0.02325581,0,0.41573034,0.3258427,0.25842697,0.2247191,0.51685393,0.25842697,19291
2020,"Trevor Richards","TBR",17.1,80,0.55172414,0.26229508,0.26229508,0.47540984,0.03448276,0.13793103,0.125,0,0.37704918,0.42622951,0.19672131,0.08196721,0.57377049,0.3442623,19309
2020,"Cal Quantrill","2 Tms",19.1,79,0.8,0.1509434,0.37735849,0.47169811,0.12,0.12,0.05,1,0.37037037,0.33333333,0.2962963,0.16666667,0.46296296,0.37037037,19312
2020,"Caleb Ferguson","LAD",10,38,2,0.08695652,0.60869565,0.30434783,0,0.14285714,0.07142857,0,0.34782609,0.47826087,0.17391304,0.08695652,0.60869565,0.30434783,19349
2020,"Dean Kremer","BAL",5,22,0.5,0.25,0.25,0.5,0,0,0,0,0.16666667,0.41666667,0.41666667,0.16666667,0.5,0.33333333,19350
2020,"Corbin Burnes","MIL",30.1,119,1.7,0.15625,0.53125,0.3125,0.15,0,0,0,0.5,0.375,0.125,0.15625,0.484375,0.359375,19361
2020,"Keegan Akin","BAL",5.1,25,1,0.33333333,0.33333333,0.33333333,0.2,0,0,0,0.66666667,0.13333333,0.2,0.13333333,0.4,0.46666667,19362
2020,"Walker Buehler","LAD",16,70,1.05,0.21153846,0.40384615,0.38461538,0.05,0.35,0.04761905,0,0.40384615,0.34615385,0.25,0.11538462,0.55769231,0.32692308,19374
2020,"Tony Gonsolin","LAD",24,93,0.72413793,0.21875,0.328125,0.453125,0.13793103,0.03448276,0.04761905,0.5,0.37878788,0.37878788,0.24242424,0.12121212,0.48484848,0.39393939,19388
2020,"Dane Dunning","CHW",14.2,65,1.57142857,0.2173913,0.47826087,0.30434783,0.14285714,0.07142857,0.04545455,0,0.44680851,0.29787234,0.25531915,0.14893617,0.65957447,0.19148936,19409
2020,"Shane Bieber","CLE",55.1,207,1.31707317,0.18103448,0.46551724,0.35344828,0.09756098,0.17073171,0.11111111,0,0.42241379,0.38793103,0.18965517,0.23275862,0.48275862,0.28448276,19427
2020,"Yohan Ramirez","SEA",10,42,0.16666667,0.22222222,0.11111111,0.66666667,0.16666667,0,0,0,0.22222222,0.5,0.27777778,0.27777778,0.55555556,0.16666667,19444
2020,"Patrick Sandoval","LAA",12.2,60,1.3125,0.24489796,0.42857143,0.32653061,0,0.25,0.14285714,0,0.42857143,0.28571429,0.28571429,0.08163265,0.59183673,0.32653061,19447
2020,"Shaun Anderson","SFG",9.1,36,0.45454545,0.2,0.25,0.55,0.27272727,0.18181818,0,0,0.3,0.4,0.3,0.2,0.55,0.25,19453
2020,"Kyle Funkhouser","DET",10.2,46,1.45454545,0.25,0.44444444,0.30555556,0.09090909,0.18181818,0,0,0.44444444,0.13888889,0.41666667,0.08333333,0.58333333,0.33333333,19456
2020,"Bryan Garcia","DET",8,33,1.09090909,0.20689655,0.4137931,0.37931034,0.18181818,0,0.08333333,0,0.34482759,0.31034483,0.34482759,0.20689655,0.48275862,0.31034483,19457
2020,"Jorge Alcala","MIN",11.2,48,1.11111111,0.17391304,0.43478261,0.39130435,0.22222222,0.33333333,0.1,1,0.375,0.41666667,0.20833333,0.16666667,0.54166667,0.29166667,19459
2020,"Aaron Civale","CLE",40,158,1.44444444,0.26666667,0.43333333,0.3,0.05555556,0.05555556,0.05769231,0,0.43333333,0.35,0.21666667,0.16666667,0.41666667,0.41666667,19479
2020,"Devin Smeltzer","MIN",8.1,41,1.1,0.27586207,0.37931034,0.34482759,0.1,0.2,0.09090909,0,0.4,0.3,0.3,0.2,0.4,0.4,19487
2020,"Geoff Hartlieb","PIT",5.2,31,3,0.11111111,0.66666667,0.22222222,0.25,0,0,0,0.66666667,0.27777778,0.05555556,0.16666667,0.55555556,0.27777778,19558
2020,"Sean Poppen","MIN",7.2,35,1.83333333,0.19047619,0.52380952,0.28571429,0,0,0,0,0.23809524,0.42857143,0.33333333,0.0952381,0.76190476,0.14285714,19583
2020,"Matt Foster","CHW",12.2,46,0.72727273,0.32142857,0.28571429,0.39285714,0.09090909,0,0,0,0.31034483,0.48275862,0.20689655,0.17241379,0.44827586,0.37931034,19647
2020,"Kyle Wright","ATL",24,105,1.25,0.23943662,0.42253521,0.33802817,0.04166667,0.125,0.06666667,1,0.4109589,0.36986301,0.21917808,0.19178082,0.42465753,0.38356164,19665
2020,"Gregory Soto","DET",9.2,38,1.66666667,0.11111111,0.55555556,0.33333333,0,0.33333333,0.1,0,0.27777778,0.22222222,0.5,0.16666667,0.55555556,0.27777778,19677
2020,"Sixto Sanchez","MIA",6,23,1.16666667,0.13333333,0.46666667,0.4,0.16666667,0,0,0,0.6,0.2,0.2,0.33333333,0.33333333,0.33333333,19680
2020,"Kyle Cody","TEX",12,46,0.64705882,0.09677419,0.35483871,0.5483871,0.23529412,0.05882353,0,0,0.38709677,0.38709677,0.22580645,0.32258065,0.25806452,0.41935484,19686
2020,"Dustin May","LAD",26,105,2.26315789,0.18421053,0.56578947,0.25,0,0.21052632,0.06976744,0,0.34210526,0.42105263,0.23684211,0.14473684,0.52631579,0.32894737,19716
2020,"Jonathan Loaisiga","NYY",14.1,65,2.44444444,0.225,0.55,0.225,0,0.22222222,0.09090909,0,0.41463415,0.3902439,0.19512195,0.14634146,0.58536585,0.26829268,19753
2020,"Yoshihisa Hirano","SEA",5,21,1.8,0.125,0.5625,0.3125,0,0,0.22222222,0,0.625,0.3125,0.0625,0.0625,0.5625,0.375,19756
2020,"Seth Elledge","STL",6.2,27,1.16666667,0.07142857,0.5,0.42857143,0,0.16666667,0,0,0.28571429,0.35714286,0.35714286,0.07142857,0.5,0.42857143,19766
2020,"Wil Crowe","WSN",8.1,46,0.57142857,0.24137931,0.27586207,0.48275862,0.07142857,0.35714286,0.125,0,0.34482759,0.37931034,0.27586207,0.13793103,0.24137931,0.62068966,19800
2020,"Daniel Castano","MIA",9.1,46,1.6,0.23529412,0.47058824,0.29411765,0.1,0.2,0.125,0,0.38235294,0.47058824,0.14705882,0.17647059,0.52941176,0.29411765,19805
2020,"Riley Smith","ARI",6,22,0.75,0.26315789,0.31578947,0.42105263,0.125,0,0,0,0.42105263,0.26315789,0.31578947,0.15789474,0.63157895,0.21052632,19826
2020,"Michael King","NYY",14.1,65,0.88888889,0.15,0.4,0.45,0.11111111,0.16666667,0.0625,0,0.375,0.425,0.2,0.2,0.45,0.35,19853
2020,"Brandon Bielak","HOU",14,67,0.88235294,0.28888889,0.33333333,0.37777778,0.05882353,0.35294118,0.06666667,0,0.41304348,0.34782609,0.23913043,0.10869565,0.5,0.39130435,19866
2020,"Griffin Canning","LAA",18.2,84,0.68,0.22222222,0.31481481,0.46296296,0.04,0.08,0,0,0.40740741,0.37037037,0.22222222,0.12962963,0.46296296,0.40740741,19867
2020,"Kevin Ginkel","ARI",7.1,41,0.38461538,0.30769231,0.19230769,0.5,0.15384615,0.07692308,0,0,0.30769231,0.26923077,0.42307692,0.07692308,0.46153846,0.46153846,19876
2020,"Tanner Houck","BOS",5,19,1,0.33333333,0.33333333,0.33333333,0,0,0,0,0.33333333,0.22222222,0.44444444,0.22222222,0.66666667,0.11111111,19879
2020,"Ljay Newsome","SEA",5.1,21,0.66666667,0.33333333,0.26666667,0.4,0.16666667,0.16666667,0,0,0.33333333,0.33333333,0.33333333,0.2,0.4,0.4,19942
2020,"Ian Anderson","ATL",17.2,73,2.2,0.15789474,0.57894737,0.26315789,0,0,0.09090909,1,0.58974359,0.25641026,0.15384615,0.12820513,0.53846154,0.33333333,19951
2020,"Jesus Luzardo","OAK",14.2,71,0.76190476,0.24489796,0.32653061,0.42857143,0.19047619,0.28571429,0.125,0,0.40816327,0.36734694,0.2244898,0.20408163,0.44897959,0.34693878,19959
2020,"Tyson Miller","CHC",5,20,2.5,0.17647059,0.58823529,0.23529412,0,0.25,0,0,0.35294118,0.41176471,0.23529412,0.11764706,0.47058824,0.41176471,19976
2020,"Zach Plesac","CLE",33.2,127,0.91666667,0.20689655,0.37931034,0.4137931,0.16666667,0.16666667,0.06060606,0,0.49425287,0.2183908,0.28735632,0.1954023,0.45977011,0.34482759,19979
2020,"John Schreiber","DET",5.1,25,1.6,0.27777778,0.44444444,0.27777778,0.2,0,0,0,0.38888889,0.33333333,0.27777778,0.11111111,0.61111111,0.27777778,20020
2020,"Rico Garcia","SFG",6,30,1.57142857,0.2173913,0.47826087,0.30434783,0,0.14285714,0,0,0.43478261,0.26086957,0.30434783,0.04347826,0.47826087,0.47826087,20023
2020,"Adrian Morejon","SDP",9,31,1.42857143,0.19047619,0.47619048,0.33333333,0,0.14285714,0,0,0.47619048,0.33333333,0.19047619,0.0952381,0.47619048,0.42857143,20039
2020,"Chris Paddack","SDP",24.2,104,1.33333333,0.22222222,0.44444444,0.33333333,0.08333333,0.16666667,0.0625,0,0.36986301,0.38356164,0.24657534,0.09589041,0.57534247,0.32876712,20099
2020,"James Karinchak","CLE",13.2,58,0.625,0.35,0.25,0.4,0.25,0,0,0,0.3,0.35,0.35,0.25,0.45,0.3,20151
2020,"Nick Nelson","NYY",6,24,1.8,0.125,0.5625,0.3125,0,0.2,0,0,0.375,0.25,0.375,0.0625,0.5625,0.375,20153
2020,"Nate Pearson","TOR",9,39,0.46666667,0.12,0.28,0.6,0.13333333,0.26666667,0,0,0.44,0.36,0.2,0.24,0.32,0.44,20160
2020,"Ben Braymer","WSN",7.1,34,0.75,0.33333333,0.28571429,0.38095238,0,0,0,0,0.42857143,0.33333333,0.23809524,0.0952381,0.61904762,0.28571429,20175
2020,"Deivi Garcia","NYY",20.2,88,0.70967742,0.171875,0.34375,0.484375,0.22580645,0.12903226,0.18181818,0,0.46875,0.296875,0.234375,0.15625,0.53125,0.3125,20276
2020,"David Peterson","NYM",20.2,82,1.57894737,0.16949153,0.50847458,0.3220339,0,0.10526316,0.03333333,0,0.40983607,0.32786885,0.26229508,0.09836066,0.54098361,0.36065574,20302
2020,"Andre Scrubb","HOU",11,49,1.22222222,0.25925926,0.40740741,0.33333333,0.11111111,0,0.09090909,0,0.33333333,0.37037037,0.2962963,0.14814815,0.55555556,0.2962963,20329
2020,"Brusdar Graterol","LAD",12,44,2.625,0.14705882,0.61764706,0.23529412,0.125,0,0,0,0.29411765,0.44117647,0.26470588,0.11764706,0.61764706,0.26470588,20367
2020,"Ramon Rosso","PHI",5,26,0.5,0.30769231,0.23076923,0.46153846,0.16666667,0,0,0,0.46153846,0.30769231,0.23076923,0.07692308,0.46153846,0.46153846,20368
2020,"Tyler Zuber","KCR",11,53,1.5,0.25925926,0.44444444,0.2962963,0,0.5,0.16666667,0,0.48148148,0.33333333,0.18518519,0.18518519,0.33333333,0.48148148,20379
2020,"Anthony Kay","TOR",15,64,1.30769231,0.25,0.425,0.325,0,0.15384615,0.23529412,0,0.375,0.375,0.25,0.25,0.4,0.35,20387
2020,"Nick Margevicius","SEA",19.2,79,1.14285714,0.23728814,0.40677966,0.3559322,0.19047619,0.14285714,0.08333333,0,0.37288136,0.40677966,0.22033898,0.16949153,0.40677966,0.42372881,20395
2020,"Josh Fleming","TBR",8.1,32,1.83333333,0.22727273,0.5,0.27272727,0.16666667,0,0,0,0.18181818,0.59090909,0.22727273,0.27272727,0.59090909,0.13636364,20418
2020,"Rony Garcia","DET",7,38,0.66666667,0.31034483,0.27586207,0.4137931,0,0.33333333,0.125,0,0.31034483,0.37931034,0.31034483,0.03448276,0.51724138,0.44827586,20430
2020,"Enoli Paredes","HOU",10,47,1.125,0.37037037,0.33333333,0.2962963,0,0.125,0,0,0.35714286,0.35714286,0.28571429,0.14285714,0.42857143,0.42857143,20447
2020,"Huascar Ynoa","ATL",11.1,50,1.41666667,0.12121212,0.51515152,0.36363636,0,0.16666667,0.05882353,0,0.42424242,0.42424242,0.15151515,0.09090909,0.51515152,0.39393939,20468
2020,"Casey Mize","DET",13.2,57,1,0.21052632,0.39473684,0.39473684,0.06666667,0.06666667,0.06666667,0,0.39473684,0.31578947,0.28947368,0.18421053,0.55263158,0.26315789,20492
2020,"Yusei Kikuchi","SEA",14.2,64,1.58333333,0.29545455,0.43181818,0.27272727,0,0.08333333,0.05263158,0,0.40909091,0.27272727,0.31818182,0.15909091,0.52272727,0.31818182,20633
2020,"Humberto Mejia","MIA",6,31,0.83333333,0.3125,0.3125,0.375,0,0.16666667,0.2,0,0.375,0.5,0.125,0,0.25,0.75,20739
2020,"Humberto Castellanos","HOU",7,34,1.125,0.29166667,0.375,0.33333333,0.125,0.125,0.11111111,0,0.5,0.33333333,0.16666667,0.125,0.54166667,0.33333333,21183
2020,"Kris Bubic","KCR",20,87,1.35294118,0.21568627,0.45098039,0.33333333,0.23529412,0.17647059,0.13043478,0,0.47058824,0.35294118,0.17647059,0.19607843,0.37254902,0.43137255,21455
2020,"John King","TEX",5.2,28,1.66666667,0.15789474,0.52631579,0.31578947,0.16666667,0,0,0,0.36842105,0.31578947,0.31578947,0.26315789,0.47368421,0.26315789,22051
2020,"Tarik Skubal","DET",12.1,58,0.66666667,0.26470588,0.29411765,0.44117647,0,0.2,0.1,0,0.29411765,0.41176471,0.29411765,0.05882353,0.61764706,0.32352941,22267
2020,"Trevor Rogers","MIA",15,66,2,0.175,0.55,0.275,0,0.27272727,0.04545455,0,0.525,0.2,0.275,0.15,0.4,0.45,22286
2020,"Johan Oviedo","STL",14.2,73,1.3125,0.2745098,0.41176471,0.31372549,0.0625,0.1875,0.14285714,0,0.58823529,0.19607843,0.21568627,0.1372549,0.52941176,0.33333333,22487
2020,"Luis Patino","SDP",8,41,1,0.16666667,0.41666667,0.41666667,0.2,0.1,0.1,0,0.20833333,0.41666667,0.375,0.25,0.375,0.375,22815
2020,"Spencer Howard","PHI",11.1,50,1.3,0.25806452,0.41935484,0.32258065,0.1,0.1,0,0,0.41935484,0.35483871,0.22580645,0.25806452,0.38709677,0.35483871,23252
2020,"Codi Heuer","CHW",10,38,2.16666667,0.24,0.52,0.24,0,0.16666667,0,0,0.4,0.48,0.12,0.2,0.44,0.36,23293
2020,"Luis Garcia","HOU",9.1,34,1.71428571,0.17391304,0.52173913,0.30434783,0,0.14285714,0,0,0.52173913,0.30434783,0.17391304,0.04347826,0.60869565,0.34782609,23735
2020,"Randy Dobnak","MIN",31.1,143,3.38095238,0.17117117,0.63963964,0.18918919,0.0952381,0.04761905,0.01408451,1,0.375,0.41964286,0.20535714,0.1875,0.57142857,0.24107143,23798
2020,"Joey Gerber","SEA",5.2,20,1.6,0.07142857,0.57142857,0.35714286,0.2,0,0,0,0.42857143,0.28571429,0.28571429,0.07142857,0.42857143,0.5,24591
2020,"Brady Singer","KCR",39.2,155,1.63636364,0.13,0.54,0.33,0.06060606,0.18181818,0,0,0.38,0.37,0.25,0.12,0.58,0.3,25377
2020,"Drew Rasmussen","MIL",5.1,28,1.5,0.41176471,0.35294118,0.23529412,0,0.5,0,0,0.41176471,0.11764706,0.47058824,0,0.76470588,0.23529412,25385
2020,"Kwang Hyun Kim","STL",21,84,2.0625,0.18333333,0.55,0.26666667,0.0625,0.1875,0.03030303,0,0.38333333,0.41666667,0.2,0.18333333,0.5,0.31666667,27458
2020,"Shun Yamaguchi","TOR",10.1,53,0.92307692,0.21875,0.375,0.40625,0.07692308,0.15384615,0.16666667,0,0.53125,0.28125,0.1875,0.1875,0.40625,0.40625,27460